round,timestamp,secret_state,message_a,message_a_noisy,b_guess,b_response,correct,noise_applied,tokens_a,tokens_b
1,2026-03-21 14:55:51,1,1101010,1101010,0,1101010,0,0,85,132
2,2026-03-21 14:55:51,1,1101011,1101011,1,1101011,1,0,105,151
3,2026-03-21 14:55:51,1,110110,110110,1,110110,1,0,123,168
4,2026-03-21 14:55:52,1,110110,110110,1,110110,1,0,138,182
5,2026-03-21 14:55:52,0,110110,110110,1,110110,0,0,154,198
6,2026-03-21 14:55:52,0,110110,110110,0,110110,1,0,170,214
7,2026-03-21 14:55:52,1,110110,110110,0,110110,0,0,186,230
8,2026-03-21 14:55:53,0,110110,110110,1,110110,0,0,184,229
9,2026-03-21 14:55:53,1,110110,110110,0,110110,0,0,182,228
10,2026-03-21 14:55:53,0,110110,110110,1,110110,0,0,182,228
11,2026-03-21 14:56:01,1,110110,110110,1,110110,1,0,182,228
12,2026-03-21 14:56:01,1,110110,110110,1,110110,1,0,182,228
13,2026-03-21 14:56:01,0,110110,110110,1,110110,0,0,182,228
14,2026-03-21 14:56:01,1,110110,110110,1,110110,1,0,182,228
15,2026-03-21 14:56:02,1,110110,110110,1,110110,1,0,182,228
16,2026-03-21 14:56:02,1,110110,110110,1,110110,1,0,182,228
17,2026-03-21 14:56:04,1,110110,110110,0,110110,0,0,182,228
18,2026-03-21 14:56:08,0,110110,110110,0,110110,1,0,182,228
19,2026-03-21 14:56:13,0,110110,110110,0,110110,1,0,182,228
20,2026-03-21 14:56:17,0,110110,110110,0,110110,1,0,182,228
21,2026-03-21 14:56:22,0,110110,110110,0,110110,1,0,182,228
22,2026-03-21 14:56:26,0,110110,110110,0,110110,1,0,182,228
23,2026-03-21 14:56:30,0,110110,110110,0,110110,1,0,182,228
24,2026-03-21 14:56:35,1,110110,110110,1,110110,1,0,182,228
25,2026-03-21 14:56:39,0,110110,110110,1,110110,0,0,182,228
26,2026-03-21 14:56:43,1,110110,110110,0,110110,0,0,182,228
27,2026-03-21 14:56:48,1,110110,110110,1,110110,1,0,182,228
28,2026-03-21 14:56:52,1,110110,110110,1,110110,1,0,182,228
29,2026-03-21 14:56:57,0,110110,110110,0,110110,1,0,182,228
30,2026-03-21 14:57:01,1,110110,110110,0,110110,0,0,182,228
31,2026-03-21 14:57:05,1,110110,110110,1,110110,1,0,182,228
32,2026-03-21 14:57:10,0,110110,110110,0,110110,1,0,182,228
33,2026-03-21 14:57:14,0,110110,110110,0,110110,1,0,182,228
34,2026-03-21 14:57:18,1,110110,110110,0,110110,0,0,182,228
35,2026-03-21 14:57:23,0,110110,110110,1,110110,0,0,182,228
36,2026-03-21 14:57:27,1,110110,110110,1,110110,1,0,182,228
37,2026-03-21 14:57:32,0,110110,110110,1,110110,0,0,182,228
38,2026-03-21 14:57:36,0,110110,110110,0,110110,1,0,182,228
39,2026-03-21 14:57:40,1,110110,110110,1,110110,1,0,182,228
40,2026-03-21 14:57:45,1,110110,110110,1,110110,1,0,182,228
41,2026-03-21 14:57:49,1,110110,110110,1,110110,1,0,182,228
42,2026-03-21 14:57:53,1,110110,110110,1,110110,1,0,182,228
43,2026-03-21 14:57:58,1,110110,110110,1,110110,1,0,182,228
44,2026-03-21 14:58:02,0,110110,110110,1,110110,0,0,182,228
45,2026-03-21 14:58:06,0,110110,110110,1,110110,0,0,182,228
46,2026-03-21 14:58:11,1,110110,110110,0,110110,0,0,182,228
47,2026-03-21 14:58:15,1,110110,110110,1,110110,1,0,182,228
48,2026-03-21 14:58:20,0,110110,110110,1,110110,0,0,182,228
49,2026-03-21 14:58:24,0,110110,110110,0,110110,1,0,182,228
50,2026-03-21 14:58:28,0,110110,110110,1,110110,0,0,182,228
51,2026-03-21 14:58:33,0,110110,110110,1,110110,0,0,182,228
52,2026-03-21 14:58:37,0,10101010,10101010,1,10101010,0,0,183,230
53,2026-03-21 14:58:41,1,10101010,10101010,1,10101010,1,0,185,231
54,2026-03-21 14:58:46,0,110110,110110,0,110110,1,0,186,230
55,2026-03-21 14:58:50,0,10101010,10101010,0,10101010,1,0,187,232
56,2026-03-21 14:58:54,1,10101010,10101010,1,10101010,1,0,189,233
57,2026-03-21 14:58:59,1,10101010,10101010,0,10101010,0,0,191,234
58,2026-03-21 14:59:03,1,110110,110110,1,110110,1,0,192,233
59,2026-03-21 14:59:07,0,110110,110110,1,110110,0,0,190,232
60,2026-03-21 14:59:12,0,110110,110110,0,110110,1,0,188,231
61,2026-03-21 14:59:16,1,110110,110110,1,110110,1,0,188,231
62,2026-03-21 14:59:20,1,110110,110110,0,110110,0,0,186,230
63,2026-03-21 14:59:25,0,110110,110110,1,110110,0,0,184,229
64,2026-03-21 14:59:29,1,110110,110110,1,110110,1,0,182,228
65,2026-03-21 14:59:34,1,110110,110110,1,110110,1,0,182,228
66,2026-03-21 14:59:38,1,110110,110110,1,110110,1,0,182,228
67,2026-03-21 14:59:42,1,110110,110110,0,110110,0,0,182,228
68,2026-03-21 14:59:47,0,110110,110110,0,110110,1,0,182,228
69,2026-03-21 14:59:51,1,110110,110110,1,110110,1,0,182,228
70,2026-03-21 14:59:56,1,1101100,1101100,1,110110,1,0,183,229
71,2026-03-21 15:00:00,1,1101101,1101101,1,1101101,1,0,184,231
72,2026-03-21 15:00:04,0,1101101,1101101,1,1101101,0,0,186,232
73,2026-03-21 15:00:09,1,1101101,1101101,0,1101101,0,0,188,233
74,2026-03-21 15:00:13,1,1101101,1101101,0,1101101,0,0,190,234
75,2026-03-21 15:00:17,0,1101101,1101101,0,1101101,1,0,192,235
76,2026-03-21 15:00:22,0,1101101,1101101,1,1101101,0,0,194,236
77,2026-03-21 15:00:26,0,1101101,1101101,0,1101101,1,0,195,236
78,2026-03-21 15:00:30,0,1101101,1101101,1,1101101,0,0,195,236
79,2026-03-21 15:00:35,1,1101101,1101101,0,1101101,0,0,195,236
80,2026-03-21 15:00:39,1,1011011,1011011,1,1011011,1,0,195,236
81,2026-03-21 15:00:44,1,110101,110101,1,110101,1,0,195,236
82,2026-03-21 15:00:48,0,110101,110101,1,110101,0,0,192,233
83,2026-03-21 15:00:52,0,110101,110101,1,110101,0,0,190,232
84,2026-03-21 15:00:56,0,110101,110101,1,110101,0,0,188,231
85,2026-03-21 15:01:01,1,110101,110101,0,110101,0,0,186,230
86,2026-03-21 15:01:05,1,110101,110101,1,110101,1,0,184,229
87,2026-03-21 15:01:10,0,110101,110101,1,110101,0,0,182,228
88,2026-03-21 15:01:14,1,110101,110101,0,110101,0,0,182,228
89,2026-03-21 15:01:18,0,110101,110101,0,110101,1,0,182,228
90,2026-03-21 15:01:23,1,110101,110101,1,110101,1,0,182,228
91,2026-03-21 15:01:27,1,110101,110101,0,110101,0,0,182,228
92,2026-03-21 15:01:31,1,110101,110101,0,110101,0,0,182,228
93,2026-03-21 15:01:36,1,110101,110101,1,110101,1,0,182,228
94,2026-03-21 15:01:40,1,110101,110101,0,110101,0,0,182,228
95,2026-03-21 15:01:44,1,110101,110101,1,110101,1,0,182,228
96,2026-03-21 15:01:49,0,110101,110101,1,110101,0,0,182,228
97,2026-03-21 15:01:53,0,110101,110101,0,110101,1,0,182,228
98,2026-03-21 15:01:58,0,110101,110101,1,110101,0,0,182,228
99,2026-03-21 15:02:02,1,110101,110101,1,110101,1,0,182,228
100,2026-03-21 15:02:06,0,110101,110101,0,110101,1,0,182,228
101,2026-03-21 15:02:11,0,110101,110101,1,110101,0,0,182,228
102,2026-03-21 15:02:15,1,110101,110101,1,110101,1,0,182,228
103,2026-03-21 15:02:19,1,110101,110101,1,110101,1,0,182,228
104,2026-03-21 15:02:24,1,110101,110101,1,110101,1,0,182,228
105,2026-03-21 15:02:28,0,110101,110101,1,110101,0,0,182,228
106,2026-03-21 15:02:32,0,110101,110101,1,110101,0,0,182,228
107,2026-03-21 15:02:37,1,110101,110101,1,110101,1,0,182,228
108,2026-03-21 15:02:41,0,110101,110101,0,110101,1,0,182,228
109,2026-03-21 15:02:46,0,110101,110101,1,110101,0,0,182,228
110,2026-03-21 15:02:50,1,110101,110101,1,110101,1,0,182,228
111,2026-03-21 15:02:54,1,110101,110101,1,110101,1,0,182,228
112,2026-03-21 15:02:59,1,110101,110101,1,110101,1,0,182,228
113,2026-03-21 15:03:03,0,110101,110101,1,110101,0,0,182,228
114,2026-03-21 15:03:07,0,110101,110101,1,110101,0,0,182,228
115,2026-03-21 15:03:12,0,110101,110101,0,110101,1,0,182,228
116,2026-03-21 15:03:16,1,110101,110101,1,110101,1,0,182,228
117,2026-03-21 15:03:20,0,110101,110101,0,110101,1,0,182,228
118,2026-03-21 15:03:25,0,110101,110101,1,110101,0,0,182,228
119,2026-03-21 15:03:29,0,110101,110101,1,110101,0,0,182,228
120,2026-03-21 15:03:33,0,110101,110101,0,110101,1,0,182,228
121,2026-03-21 15:03:38,1,110101,110101,1,110101,1,0,182,228
122,2026-03-21 15:03:42,1,110101,110101,0,110101,0,0,182,228
123,2026-03-21 15:03:47,1,110101,110101,1,110101,1,0,182,228
124,2026-03-21 15:03:51,1,110101,110101,1,110101,1,0,182,228
125,2026-03-21 15:03:55,1,110101,110101,1,110101,1,0,182,228
126,2026-03-21 15:04:00,1,110101,110101,1,110101,1,0,182,228
127,2026-03-21 15:04:04,0,110101,110101,1,110101,0,0,182,228
128,2026-03-21 15:04:08,0,110101,110101,1,110101,0,0,182,228
129,2026-03-21 15:04:13,0,110101,110101,1,110101,0,0,182,228
130,2026-03-21 15:04:17,1,110101,110101,0,110101,0,0,182,228
131,2026-03-21 15:04:21,0,110101,110101,0,110101,1,0,182,228
132,2026-03-21 15:04:26,0,110101,110101,0,110101,1,0,182,228
133,2026-03-21 15:04:30,0,110101,110101,1,110101,0,0,182,228
134,2026-03-21 15:04:35,1,1101101,1101101,1,1101101,1,0,183,230
135,2026-03-21 15:04:39,1,1101101,1101101,1,1101101,1,0,185,231
136,2026-03-21 15:04:43,1,1101101,1101101,0,1101101,0,0,187,232
137,2026-03-21 15:04:48,0,1101101,1101101,1,1101101,0,0,189,233
138,2026-03-21 15:04:52,1,1101101,1101101,1,1101101,1,0,191,234
139,2026-03-21 15:04:56,0,1101101,1101101,1,1101101,0,0,193,235
140,2026-03-21 15:05:01,1,11011011,11011011,1,11011011,1,0,195,236
141,2026-03-21 15:05:05,1,11011011,11011011,1,11011011,1,0,195,236
142,2026-03-21 15:05:09,0,11011011,11011011,1,11011011,0,0,195,236
143,2026-03-21 15:05:14,0,11011011,11011011,1,11011011,0,0,195,236
144,2026-03-21 15:05:18,0,11011011,11011011,1,11011011,0,0,195,236
145,2026-03-21 15:05:23,0,110110111,110110111,1,110110111,0,0,195,236
146,2026-03-21 15:05:27,0,110110111,110110111,1,110110111,0,0,195,236
147,2026-03-21 15:05:31,0,110110111,110110111,1,1101111,0,0,195,236
148,2026-03-21 15:05:36,1,110110111,110110111,1,110110111,1,0,195,236
149,2026-03-21 15:05:40,0,11011011,11011011,1,11011011,0,0,195,236
150,2026-03-21 15:05:44,0,11011011,11011011,0,11011011,1,0,195,236
151,2026-03-21 15:05:49,1,1101101,1101101,1,1101101,1,0,195,236
152,2026-03-21 15:05:53,1,11011011,11011011,1,11011011,1,0,195,236
153,2026-03-21 15:05:57,0,11011011,11011011,1,11011011,0,0,195,236
154,2026-03-21 15:06:02,0,110110111,110110111,0,11011011,1,0,195,236
155,2026-03-21 15:06:06,1,110110111,110110111,1,110110111,1,0,195,236
156,2026-03-21 15:06:11,1,110110111,110110111,1,110110111,1,0,195,236
157,2026-03-21 15:06:15,0,110110111,110110111,1,110110111,0,0,195,236
158,2026-03-21 15:06:19,1,110110111,110110111,1,110110111,1,0,195,236
159,2026-03-21 15:06:23,0,110110111,110110111,0,110110111,1,0,195,236
160,2026-03-21 15:06:28,1,110110111,110110111,1,110110111,1,0,195,236
161,2026-03-21 15:06:32,0,110110111,110110111,1,110110111,0,0,195,236
162,2026-03-21 15:06:37,0,110110111,110110111,1,110110111,0,0,195,236
163,2026-03-21 15:06:41,0,110110111,110110111,1,110110111,0,0,195,236
164,2026-03-21 15:06:45,1,110110111,110110111,0,110110111,0,0,195,236
165,2026-03-21 15:06:50,0,111011101,111011101,1,111011101,0,0,196,238
166,2026-03-21 15:06:54,1,110110111,110110111,0,110110111,0,0,195,236
167,2026-03-21 15:06:58,1,111011101,111011101,1,111011101,1,0,195,236
168,2026-03-21 15:07:03,1,111011101,111011101,1,111011101,1,0,195,236
169,2026-03-21 15:07:07,1,1110111,1110111,1,1110111,1,0,195,236
170,2026-03-21 15:07:11,1,1110101,1110101,1,1110101,1,0,195,236
171,2026-03-21 15:07:16,0,1101011,1101011,1,1101011,0,0,195,236
172,2026-03-21 15:07:20,1,1101011,1101011,1,1101011,1,0,195,236
173,2026-03-21 15:07:24,0,1101001,1101001,1,1101001,0,0,195,236
174,2026-03-21 15:07:29,0,1101001,1101001,0,1101001,1,0,195,236
175,2026-03-21 15:07:33,1,1101001,1101001,0,1101001,0,0,195,236
176,2026-03-21 15:07:38,1,1101001,1101001,0,1101001,0,0,195,236
177,2026-03-21 15:07:42,1,11010011,11010011,0,11010011,0,0,195,236
178,2026-03-21 15:07:46,1,11010011,11010011,1,11010011,1,0,195,236
179,2026-03-21 15:07:50,0,11010011,11010011,1,11010011,0,0,195,236
180,2026-03-21 15:07:55,0,11010011,11010011,0,11010011,1,0,195,236
181,2026-03-21 15:07:59,0,11010011,11010011,0,11010011,1,0,195,236
182,2026-03-21 15:08:04,0,110100111,110100111,1,110100111,0,0,195,236
183,2026-03-21 15:08:08,1,110100111,110100111,0,110100111,0,0,195,236
184,2026-03-21 15:08:12,1,110100111,110100111,1,110100111,1,0,195,236
185,2026-03-21 15:08:17,0,110100111,110100111,1,110100111,0,0,195,236
186,2026-03-21 15:08:21,0,110100111,110100111,1,110100111,0,0,195,236
187,2026-03-21 15:08:25,1,110100111,110100111,0,110100111,0,0,195,236
188,2026-03-21 15:08:30,0,110100111,110100111,1,110100111,0,0,195,236
189,2026-03-21 15:08:34,1,11011111,11011111,0,11011111,0,0,195,236
190,2026-03-21 15:08:38,1,11011111,11011111,1,11011111,1,0,195,236
191,2026-03-21 15:08:43,0,11011111,11011111,1,11011111,0,0,195,236
192,2026-03-21 15:08:47,0,11011111,11011111,0,11011111,1,0,195,236
193,2026-03-21 15:08:51,1,11011111,11011111,1,11011111,1,0,195,236
194,2026-03-21 15:08:56,0,11011111,11011111,1,11011111,0,0,195,236
195,2026-03-21 15:09:00,0,11011111,11011111,0,11011111,1,0,195,236
196,2026-03-21 15:09:05,1,11011111,11011111,0,11011111,0,0,195,236
197,2026-03-21 15:09:09,1,11011111,11011111,0,11011111,0,0,195,236
198,2026-03-21 15:09:13,1,110111110111111,110111110111111,1,110111110111111,1,0,197,240
199,2026-03-21 15:09:18,0,110111110111111,110111110111111,1,110111110111111,0,0,201,242
200,2026-03-21 15:09:22,1,110111110111111,110111110111111,0,110111110111111,0,0,205,244
201,2026-03-21 15:09:26,1,110111110111111,110111110111111,1,110111110111111,1,0,209,246
202,2026-03-21 15:09:31,1,110111110111111,110111110111111,1,110111110111111,1,0,213,248
203,2026-03-21 15:09:35,1,110111110111111,110111110111111,1,110111110111111,1,0,217,250
204,2026-03-21 15:09:39,0,110111110111111,110111110111111,1,110111110111111,0,0,221,252
205,2026-03-21 15:09:44,1,110111110111111,110111110111111,1,110111110111111,1,0,221,252
206,2026-03-21 15:09:48,0,110111110111111,110111110111111,1,110111110111111,0,0,221,252
207,2026-03-21 15:09:52,1,110111110111111,110111110111111,1,110111110111111,1,0,221,252
208,2026-03-21 15:09:57,1,11011111111111,11011111111111,1,11011111111111,1,0,221,252
209,2026-03-21 15:10:01,0,11011111111111,11011111111111,1,11011111111111,0,0,221,252
210,2026-03-21 15:10:05,0,11011111111111,11011111111111,1,11011111111111,0,0,221,252
211,2026-03-21 15:10:10,0,110111110111111,110111110111111,1,110111110111111,0,0,221,252
212,2026-03-21 15:10:14,0,110111110111111,110111110111111,1,110111110111111,0,0,221,252
213,2026-03-21 15:10:19,0,110111110111111,110111110111111,1,110111110111111,0,0,221,252
214,2026-03-21 15:10:23,0,110111110111111,110111110111111,0,110111110111111,1,0,221,252
215,2026-03-21 15:10:27,0,110111110111111,110111110111111,0,110111110111111,1,0,221,252
216,2026-03-21 15:10:32,0,110111110111111,110111110111111,0,110111110111111,1,0,221,252
217,2026-03-21 15:10:36,0,110111110111111,110111110111111,1,110111110111111,0,0,221,252
218,2026-03-21 15:10:40,1,110111110111111,110111110111111,0,110111110111111,0,0,221,252
219,2026-03-21 15:10:45,0,110111110111111,110111110111111,1,110111110111111,0,0,221,252
220,2026-03-21 15:10:49,1,110111110111111,110111110111111,1,110111110111111,1,0,221,252
221,2026-03-21 15:10:53,0,110111110111111,110111110111111,1,110111110111111,0,0,221,252
222,2026-03-21 15:10:58,1,110111110111111,110111110111111,1,11111111111111,1,0,221,252
223,2026-03-21 15:11:02,1,11011011011111,11011011011111,1,11011011011111,1,0,221,252
224,2026-03-21 15:11:07,1,11011011011110,11011011011110,1,11011011011110,1,0,221,252
225,2026-03-21 15:11:11,0,11011011011110,11011011011110,0,11011011011110,1,0,221,252
226,2026-03-21 15:11:15,0,11011011011110,11011011011110,1,11011011011110,0,0,221,252
227,2026-03-21 15:11:20,0,11011011011110,11011011011110,0,11011011011110,1,0,221,252
228,2026-03-21 15:11:24,1,11011011011110,11011011011110,1,11011011011110,1,0,221,252
229,2026-03-21 15:11:29,0,11011011011110,11011011011110,1,11011011011110,0,0,221,252
230,2026-03-21 15:11:33,0,11011011011110,11011011011110,1,11011011011110,0,0,221,252
231,2026-03-21 15:11:37,1,1101001,1101001,1,1101001,1,0,219,248
232,2026-03-21 15:11:42,0,1101001,1101001,1,1101001,0,0,215,246
233,2026-03-21 15:11:46,1,1101001,1101001,1,1101001,1,0,211,244
234,2026-03-21 15:11:50,1,1101001,1101001,1,1101001,1,0,207,242
235,2026-03-21 15:11:55,0,1101001,1101001,1,1101001,0,0,203,240
236,2026-03-21 15:11:59,1,1101001,1101001,1,1101001,1,0,199,238
237,2026-03-21 15:12:03,0,1101001,1101001,1,1101001,0,0,195,236
238,2026-03-21 15:12:08,1,11010011,11010011,1,11010011,1,0,195,236
239,2026-03-21 15:12:12,0,11010011,11010011,1,11010011,0,0,195,236
240,2026-03-21 15:12:17,0,11010011,11010011,0,11010011,1,0,195,236
241,2026-03-21 15:12:21,1,110100111,110100111,0,110100111,0,0,195,236
242,2026-03-21 15:12:25,0,110100111,110100111,1,110100111,0,0,195,236
243,2026-03-21 15:12:30,1,110100111,110100111,1,110100111,1,0,195,236
244,2026-03-21 15:12:34,1,110100111,110100111,1,110100111,1,0,195,236
245,2026-03-21 15:12:38,0,110100111,110100111,1,110100111,0,0,195,236
246,2026-03-21 15:12:43,1,110100111,110100111,0,110100111,0,0,195,236
247,2026-03-21 15:12:47,0,110100111,110100111,1,110100111,0,0,195,236
248,2026-03-21 15:12:52,1,110100111,110100111,1,110100111,1,0,195,236
249,2026-03-21 15:12:56,0,110100111,110100111,1,110100111,0,0,195,236
250,2026-03-21 15:13:00,0,110100111,110100111,1,110100111,0,0,195,236
251,2026-03-21 15:13:05,1,110100111,110100111,1,110100111,1,0,195,236
252,2026-03-21 15:13:09,1,110100111,110100111,1,110100111,1,0,195,236
253,2026-03-21 15:13:13,1,110100111,110100111,1,110100111,1,0,195,236
254,2026-03-21 15:13:18,1,110100111,110100111,1,110100111,1,0,195,236
255,2026-03-21 15:13:22,1,110100111,110100111,1,110100111,1,0,195,236
256,2026-03-21 15:13:27,0,110100111,110100111,1,110100111,0,0,195,236
257,2026-03-21 15:13:31,0,110100111,110100111,0,110100111,1,0,195,236
258,2026-03-21 15:13:35,1,11011111,11011111,1,11011111,1,0,195,236
259,2026-03-21 15:13:40,1,11011111,11011111,1,11011111,1,0,195,236
260,2026-03-21 15:13:44,1,1101111,1101111,1,1101111,1,0,195,236
261,2026-03-21 15:13:48,1,1101111,1101111,0,1101111,0,0,195,236
262,2026-03-21 15:13:53,1,1101111,1101111,1,1101111,1,0,195,236
263,2026-03-21 15:13:57,0,1101111,1101111,1,1101111,0,0,195,236
264,2026-03-21 15:14:02,1,11011111,11011111,1,11011111,1,0,195,236
265,2026-03-21 15:14:06,0,11011111,11011111,1,11011111,0,0,195,236
266,2026-03-21 15:14:10,1,1101111,1101111,1,1101111,1,0,195,236
267,2026-03-21 15:14:15,0,1101111,1101111,1,1101111,0,0,195,236
268,2026-03-21 15:14:19,0,1101111,1101111,0,1101111,1,0,195,236
269,2026-03-21 15:14:23,0,1101111,1101111,1,1101111,0,0,195,236
270,2026-03-21 15:14:28,0,1101111,1101111,1,1101111,0,0,195,236
271,2026-03-21 15:14:32,0,1101111,1101111,1,1101111,0,0,195,236
272,2026-03-21 15:14:37,0,1101111,1101111,0,1101111,1,0,195,236
273,2026-03-21 15:14:41,1,1101111,1101111,0,1101111,0,0,195,236
274,2026-03-21 15:14:46,0,1101111,1101111,1,1101111,0,0,195,236
275,2026-03-21 15:14:50,1,1101111,1101111,1,1101111,1,0,195,236
276,2026-03-21 15:14:54,0,1101111,1101111,1,1101111,0,0,195,236
277,2026-03-21 15:14:59,1,1101111,1101111,1,1101111,1,0,195,236
278,2026-03-21 15:15:03,1,110111,110111,1,110111,1,0,195,236
279,2026-03-21 15:15:07,0,110111,110111,1,110111,0,0,192,233
280,2026-03-21 15:15:12,1,110111,110111,1,110111,1,0,190,232
281,2026-03-21 15:15:16,0,110111,110111,1,110111,0,0,188,231
282,2026-03-21 15:15:21,1,110111,110111,1,110111,1,0,186,230
283,2026-03-21 15:15:25,1,110111,110111,1,110111,1,0,184,229
284,2026-03-21 15:15:29,0,110111,110111,0,110111,1,0,182,228
285,2026-03-21 15:15:34,0,110111,110111,1,110111,0,0,182,228
286,2026-03-21 15:15:38,1,110111,110111,1,110111,1,0,182,228
287,2026-03-21 15:15:43,0,110111,110111,1,110111,0,0,182,228
288,2026-03-21 15:15:47,0,110111,110111,1,110111,0,0,182,228
289,2026-03-21 15:15:51,1,110111,110111,1,110111,1,0,182,228
290,2026-03-21 15:15:56,1,110111,110111,1,110111,1,0,182,228
291,2026-03-21 15:16:00,0,110111,110111,0,110111,1,0,182,228
292,2026-03-21 15:16:04,0,110111,110111,1,110111,0,0,182,228
293,2026-03-21 15:16:09,0,110111,110111,1,110111,0,0,182,228
294,2026-03-21 15:16:13,1,110111,110111,1,110111,1,0,182,228
295,2026-03-21 15:16:18,0,110111,110111,0,110111,1,0,182,228
296,2026-03-21 15:16:22,1,110111,110111,1,110111,1,0,182,228
297,2026-03-21 15:16:26,1,110111,110111,1,110111,1,0,182,228
298,2026-03-21 15:16:31,1,1101010,1101010,1,1101010,1,0,183,230
299,2026-03-21 15:16:35,1,110111,110111,1,110111,1,0,184,229
300,2026-03-21 15:16:40,1,11011010111,11011010111,1,11011010111,1,0,186,233
301,2026-03-21 15:16:44,1,110111,110111,1,110111,1,0,188,231
302,2026-03-21 15:16:48,0,110111,110111,1,110111,0,0,188,231
303,2026-03-21 15:16:53,1,110111,110111,0,110111,0,0,188,231
304,2026-03-21 15:16:57,0,110111,110111,1,110111,0,0,188,231
305,2026-03-21 15:17:01,0,110111,110111,0,110111,1,0,186,230
306,2026-03-21 15:17:06,1,110111,110111,1,110111,1,0,186,230
307,2026-03-21 15:17:10,1,110111,110111,0,110111,0,0,182,228
308,2026-03-21 15:17:15,0,110111,110111,1,110111,0,0,182,228
309,2026-03-21 15:17:19,0,110111,110111,0,110111,1,0,182,228
310,2026-03-21 15:17:23,0,110111,110111,1,110111,0,0,182,228
311,2026-03-21 15:17:28,1,110111,110111,1,110111,1,0,182,228
312,2026-03-21 15:17:32,0,110111,110111,1,110111,0,0,182,228
313,2026-03-21 15:17:37,1,110111,110111,1,110111,1,0,182,228
314,2026-03-21 15:17:41,1,110111,110111,1,110111,1,0,182,228
315,2026-03-21 15:17:45,1,110111,110111,1,110111,1,0,182,228
316,2026-03-21 15:17:50,0,110111,110111,1,110111,0,0,182,228
317,2026-03-21 15:17:54,1,110111,110111,1,110111,1,0,182,228
318,2026-03-21 15:17:58,1,110111,110111,1,110111,1,0,182,228
319,2026-03-21 15:18:03,1,110111,110111,0,110111,0,0,182,228
320,2026-03-21 15:18:07,0,110111,110111,1,110111,0,0,182,228
321,2026-03-21 15:18:11,1,110111,110111,1,110111,1,0,182,228
322,2026-03-21 15:18:16,0,110111,110111,0,110111,1,0,182,228
323,2026-03-21 15:18:20,1,110111,110111,1,110111,1,0,182,228
324,2026-03-21 15:18:25,1,110111,110111,1,110111,1,0,182,228
325,2026-03-21 15:18:29,0,110111,110111,1,110111,0,0,182,228
326,2026-03-21 15:18:33,0,110111,110111,1,110111,0,0,182,228
327,2026-03-21 15:18:38,1,110111,110111,1,110111,1,0,182,228
328,2026-03-21 15:18:42,0,110111,110111,1,110111,0,0,182,228
329,2026-03-21 15:18:46,1,110111,110111,0,110111,0,0,182,228
330,2026-03-21 15:18:51,1,110111,110111,0,110111,0,0,182,228
331,2026-03-21 15:18:55,0,110111,110111,1,110111,0,0,182,228
332,2026-03-21 15:19:00,1,110111,110111,1,110111,1,0,182,228
333,2026-03-21 15:19:04,1,110111,110111,1,110111,1,0,182,228
334,2026-03-21 15:19:08,0,110111,110111,0,110111,1,0,182,228
335,2026-03-21 15:19:13,1,110111,110111,1,110111,1,0,182,228
336,2026-03-21 15:19:17,0,110111,110111,1,110111,0,0,182,228
337,2026-03-21 15:19:21,1,1101101,1101101,1,1101101,1,0,183,230
338,2026-03-21 15:19:26,1,1101101,1101101,1,1101101,1,0,185,231
339,2026-03-21 15:19:30,1,1101101,1101101,1,1101101,1,0,187,232
340,2026-03-21 15:19:35,0,110111,110111,1,110111,0,0,188,231
341,2026-03-21 15:19:39,0,110111,110111,0,110111,1,0,188,231
342,2026-03-21 15:19:43,1,110111,110111,1,110111,1,0,188,231
343,2026-03-21 15:19:48,0,1101111,1101111,1,1101111,0,0,189,233
344,2026-03-21 15:19:52,0,1101111,1101111,1,1101111,0,0,189,233
345,2026-03-21 15:19:56,0,1101111,1101111,0,1101111,1,0,189,233
346,2026-03-21 15:20:01,0,110111,110111,0,110111,1,0,188,231
347,2026-03-21 15:20:05,0,110111,110111,1,110111,0,0,188,231
348,2026-03-21 15:20:10,1,110111,110111,0,110111,0,0,188,231
349,2026-03-21 15:20:14,1,110111,110111,1,110111,1,0,188,231
350,2026-03-21 15:20:18,1,110111,110111,0,110111,0,0,186,230
351,2026-03-21 15:20:23,0,110111,110111,1,110111,0,0,184,229
352,2026-03-21 15:20:27,1,110111,110111,1,110111,1,0,182,228
353,2026-03-21 15:20:31,0,110111,110111,1,110111,0,0,182,228
354,2026-03-21 15:20:36,0,110111,110111,1,110111,0,0,182,228
355,2026-03-21 15:20:40,0,110111,110111,0,110111,1,0,182,228
356,2026-03-21 15:20:45,1,110111,110111,0,110111,0,0,182,228
357,2026-03-21 15:20:49,1,110111,110111,1,110111,1,0,182,228
358,2026-03-21 15:20:53,1,110111,110111,0,110111,0,0,182,228
359,2026-03-21 15:20:58,1,110111,110111,1,110111,1,0,182,228
360,2026-03-21 15:21:02,1,110111,110111,1,110111,1,0,182,228
361,2026-03-21 15:21:06,1,110111,110111,1,110111,1,0,182,228
362,2026-03-21 15:21:11,0,110111,110111,1,110111,0,0,182,228
363,2026-03-21 15:21:15,0,110111,110111,0,110111,1,0,182,228
364,2026-03-21 15:21:19,1,110111,110111,0,110111,0,0,182,228
365,2026-03-21 15:21:24,0,110111,110111,1,110111,0,0,182,228
366,2026-03-21 15:21:28,0,0,0,0,0,1,0,182,228
367,2026-03-21 15:21:33,0,110111,110111,0,0,1,0,180,226
368,2026-03-21 15:21:37,1,100110,100110,0,100110,0,0,179,227
369,2026-03-21 15:21:41,1,100110,100110,1,100110,1,0,179,227
370,2026-03-21 15:21:46,1,11011110111,11011110111,1,11011110111,1,0,181,231
371,2026-03-21 15:21:50,0,110111,110111,1,110111,0,0,183,229
372,2026-03-21 15:21:55,1,110111,110111,1,110111,1,0,183,229
373,2026-03-21 15:21:59,0,110111,110111,1,110111,0,0,185,230
374,2026-03-21 15:22:03,0,110111,110111,0,110111,1,0,186,230
375,2026-03-21 15:22:08,1,110111,110111,1,110111,1,0,186,230
376,2026-03-21 15:22:12,1,110111,110111,0,110111,0,0,186,230
377,2026-03-21 15:22:16,1,1101111,1101111,1,1101111,1,0,183,230
378,2026-03-21 15:22:21,0,110111,110111,1,110111,0,0,184,229
379,2026-03-21 15:22:25,0,110111,110111,1,110111,0,0,184,229
380,2026-03-21 15:22:29,0,110111,110111,1,110111,0,0,184,229
381,2026-03-21 15:22:34,0,110111,110111,1,110111,0,0,184,229
382,2026-03-21 15:22:38,1,1101101,1101101,1,1101101,1,0,185,231
383,2026-03-21 15:22:43,1,1101101,1101101,1,1101101,1,0,187,232
384,2026-03-21 15:22:47,1,1101101,1101101,1,1101101,1,0,187,232
385,2026-03-21 15:22:51,0,110111,110111,1,110111,0,0,188,231
386,2026-03-21 15:22:56,0,110111,110111,0,110111,1,0,188,231
387,2026-03-21 15:23:00,0,110111,110111,1,111,0,0,188,231
388,2026-03-21 15:23:04,0,110111,110111,0,110111,1,0,187,231
389,2026-03-21 15:23:09,0,110111,110111,0,110111,1,0,185,230
390,2026-03-21 15:23:13,1,110111,110111,0,110111,0,0,183,229
391,2026-03-21 15:23:18,1,110111,110111,1,110111,1,0,181,228
392,2026-03-21 15:23:22,1,110111,110111,1,110111,1,0,181,228
393,2026-03-21 15:23:26,1,110111,110111,1,110111,1,0,181,228
394,2026-03-21 15:23:31,0,110111,110111,1,110111,0,0,182,228
395,2026-03-21 15:23:35,1,110111,110111,0,110111,0,0,182,228
396,2026-03-21 15:23:39,1,110111,110111,0,110111,0,0,182,228
397,2026-03-21 15:23:44,1,110111,110111,1,110111,1,0,182,228
398,2026-03-21 15:23:48,0,110111,110111,1,110111,0,0,182,228
399,2026-03-21 15:23:52,0,110111,110111,0,110111,1,0,182,228
400,2026-03-21 15:23:57,0,110111,110111,1,110111,0,0,182,228
401,2026-03-21 15:24:01,0,110111,110111,0,110111,1,0,182,228
402,2026-03-21 15:24:06,1,11110001,11110001,0,1110001,0,0,183,230
403,2026-03-21 15:24:10,0,110111,110111,0,110111,1,0,184,229
404,2026-03-21 15:24:14,0,11110001,11110001,1,11110001,0,0,185,231
405,2026-03-21 15:24:19,1,110111,110111,1,111,1,0,186,230
406,2026-03-21 15:24:23,1,110111,110111,1,110111,1,0,185,230
407,2026-03-21 15:24:28,1,110111,110111,0,110111,0,0,185,230
408,2026-03-21 15:24:32,1,110111,110111,1,110111,1,0,185,230
409,2026-03-21 15:24:36,0,110111,110111,1,110111,0,0,183,229
410,2026-03-21 15:24:41,1,11110001,11110001,1,11110001,1,0,184,231
411,2026-03-21 15:24:45,0,110111,110111,0,11111,1,0,183,229
412,2026-03-21 15:24:49,1,1101110,1101110,1,1101110,1,0,185,231
413,2026-03-21 15:24:54,0,1101101,1101101,1,1101101,0,0,187,232
414,2026-03-21 15:24:58,0,110111,110111,1,110111,0,0,188,231
415,2026-03-21 15:25:03,0,110111,110111,0,110111,1,0,188,231
416,2026-03-21 15:25:07,1,110111,110111,0,110111,0,0,188,231
417,2026-03-21 15:25:11,1,110111,110111,1,110111,1,0,186,230
418,2026-03-21 15:25:16,1,1101101,1101101,0,1101101,0,0,187,232
419,2026-03-21 15:25:20,0,110111,110111,1,110111,0,0,186,230
420,2026-03-21 15:25:24,1,1101101,1101101,1,1101101,1,0,185,231
421,2026-03-21 15:25:29,1,1101101,1101101,1,1101101,1,0,187,232
422,2026-03-21 15:25:33,1,1101101,1101101,1,1101101,1,0,189,233
423,2026-03-21 15:25:38,1,1101101,1101101,1,1101101,1,0,191,234
424,2026-03-21 15:25:42,1,1101101,1101101,1,1101101,1,0,193,235
425,2026-03-21 15:25:46,0,1101101,1101101,0,1101101,1,0,193,235
426,2026-03-21 15:25:51,0,1101101,1101101,0,1101101,1,0,195,236
427,2026-03-21 15:25:55,1,1101101,1101101,1,1101101,1,0,195,236
428,2026-03-21 15:25:59,1,11011011,11011011,0,11011011,0,0,195,236
429,2026-03-21 15:26:04,1,11011011,11011011,1,10010111,1,0,195,236
430,2026-03-21 15:26:08,1,11011011,11011011,0,11011011,0,0,195,236
431,2026-03-21 15:26:13,0,11011011,11011011,1,11011011,0,0,195,236
432,2026-03-21 15:26:17,1,110110111,110110111,1,110110111,1,0,195,236
433,2026-03-21 15:26:21,0,110110111,110110111,1,110110111,0,0,195,236
434,2026-03-21 15:26:26,0,11011011,11011011,1,11011011,0,0,195,236
435,2026-03-21 15:26:30,1,11011011,11011011,0,11011011,0,0,195,236
436,2026-03-21 15:26:34,0,11011011,11011011,1,11011011,0,0,195,236
437,2026-03-21 15:26:39,0,11011011,11011011,1,11011,0,0,195,235
438,2026-03-21 15:26:43,0,11011011,11011011,0,11011011,1,0,194,236
439,2026-03-21 15:26:48,0,11011011,11011011,1,11011011,0,0,194,236
440,2026-03-21 15:26:52,1,110110111,110110111,0,110110111,0,0,194,236
441,2026-03-21 15:26:56,1,110110111,110110111,0,110110111,0,0,194,236
442,2026-03-21 15:27:01,0,11011011,11011011,1,11011011,0,0,194,236
443,2026-03-21 15:27:05,1,11011011,11011011,0,11011011,0,0,194,236
444,2026-03-21 15:27:10,0,11011011,11011011,0,11011011,1,0,195,236
445,2026-03-21 15:27:14,1,11011011,11011011,1,11011011,1,0,195,236
446,2026-03-21 15:27:18,0,11011011,11011011,1,11011011,0,0,195,236
447,2026-03-21 15:27:23,0,110110110,110110110,1,110110110,0,0,195,236
448,2026-03-21 15:27:27,1,11011011,11011011,1,11011011,1,0,195,236
449,2026-03-21 15:27:31,0,11011011,11011011,1,11011011,0,0,195,236
450,2026-03-21 15:27:36,1,110110111,110110111,0,110110111,0,0,195,236
451,2026-03-21 15:27:40,1,1101101111,1101101111,1,110110111,1,0,196,237
452,2026-03-21 15:27:45,1,110110111,110110111,1,110110111,1,0,196,237
453,2026-03-21 15:27:49,0,110110111,110110111,1,110110111,0,0,196,237
454,2026-03-21 15:27:53,1,110110111,110110111,0,110110111,0,0,196,237
455,2026-03-21 15:27:58,1,110110111,110110111,1,110110111,1,0,196,237
456,2026-03-21 15:28:02,1,110110111,110110111,1,110110111,1,0,196,237
457,2026-03-21 15:28:06,0,110110111,110110111,1,110110111,0,0,196,237
458,2026-03-21 15:28:11,0,110110111,110110111,1,110110111,0,0,195,236
459,2026-03-21 15:28:15,1,1101101,1101101,1,1101101,1,0,195,236
460,2026-03-21 15:28:20,0,110110100,110110100,1,110110100,0,0,195,236
461,2026-03-21 15:28:24,0,110110100,110110100,0,110110100,1,0,195,236
462,2026-03-21 15:28:29,1,110110100,110110100,1,110110100,1,0,195,236
463,2026-03-21 15:28:33,0,110110100,110110100,1,110110100,0,0,195,236
464,2026-03-21 15:28:37,1,110110100,110110100,0,110110100,0,0,195,236
465,2026-03-21 15:28:42,1,1101101000,1101101000,1,1101101000,1,0,196,238
466,2026-03-21 15:28:46,0,110110100,110110100,1,110110100,0,0,197,237
467,2026-03-21 15:28:50,1,110110100110110100,110110100110110100,1,110110100110110100,1,0,200,243
468,2026-03-21 15:28:55,0,110110100,110110100,1,110110100,0,0,203,240
469,2026-03-21 15:28:59,0,110110100,110110100,1,110110100,0,0,203,240
470,2026-03-21 15:29:04,0,110110100,110110100,1,110110100,0,0,203,240
471,2026-03-21 15:29:08,1,110110100,110110100,0,110110100,0,0,203,240
472,2026-03-21 15:29:12,0,110110100,110110100,0,110110100,1,0,201,239
473,2026-03-21 15:29:17,0,110110100,110110100,1,110110100,0,0,201,239
474,2026-03-21 15:29:21,1,1010101,1010101,1,1010101,1,0,195,236
475,2026-03-21 15:29:26,1,1010101,1010101,1,1010101,1,0,195,236
476,2026-03-21 15:29:30,0,1010101,1010101,0,1010101,1,0,195,236
477,2026-03-21 15:29:34,0,1010101,1010101,1,1010101,0,0,195,236
478,2026-03-21 15:29:39,1,1010101,1010101,1,1010101,1,0,195,236
479,2026-03-21 15:29:43,0,110110100,110110100,1,110110100,0,0,195,236
480,2026-03-21 15:29:47,1,110110100,110110100,1,110110100,1,0,195,236
481,2026-03-21 15:29:52,1,110110101,110110101,1,110110101,1,0,195,236
482,2026-03-21 15:29:56,1,110110111,110110111,0,110110111,0,0,195,236
483,2026-03-21 15:30:00,0,110110111,110110111,1,110110111,0,0,195,236
484,2026-03-21 15:30:05,0,110110100,110110100,1,110110100,0,0,195,236
485,2026-03-21 15:30:09,1,110110101,110110101,1,110110101,1,0,195,236
486,2026-03-21 15:30:14,1,110110111,110110111,0,110110111,0,0,195,236
487,2026-03-21 15:30:18,1,1101101,1101101,0,1101101,0,0,195,236
488,2026-03-21 15:30:22,1,110110100,110110100,1,110110100,1,0,195,236
489,2026-03-21 15:30:27,0,1101100,1101100,0,1101100,1,0,195,236
490,2026-03-21 15:30:31,0,1101100,1101100,1,1101100,0,0,195,236
491,2026-03-21 15:30:35,0,1101100,1101100,1,1101100,0,0,195,236
492,2026-03-21 15:30:40,1,110110100,110110100,1,110110100,1,0,195,236
493,2026-03-21 15:30:44,0,110110100,110110100,1,110110100,0,0,195,236
494,2026-03-21 15:30:49,1,110110100,110110100,1,110110100,1,0,195,236
495,2026-03-21 15:30:53,0,110110100,110110100,1,110110100,0,0,195,236
496,2026-03-21 15:30:57,0,110110100,110110100,1,110110100,0,0,195,236
497,2026-03-21 15:31:02,1,110110100,110110100,1,110110100,1,0,195,236
498,2026-03-21 15:31:06,0,110110100,110110100,1,110110100,0,0,195,236
499,2026-03-21 15:31:10,1,110110100,110110100,1,110110100,1,0,195,236
500,2026-03-21 15:31:15,0,110110100,110110100,1,110110100,0,0,195,236
501,2026-03-21 15:40:28,1,1101111,1111,0,1111,0,1,195,236
502,2026-03-21 15:40:28,1,1101111,1101111,1,1101111,1,0,194,235
503,2026-03-21 15:40:28,0,110110100,110000100,1,110000100,0,1,194,235
504,2026-03-21 15:40:28,1,0110111111111010101010,0110111010111110101011,1,0110111010111110101011,1,1,199,245
505,2026-03-21 15:40:29,0,0110111111111010101010,0101111111111010101010,1,0101111111111010101010,0,1,209,250
506,2026-03-21 15:40:29,1,0110111010111110101011,0110111000111110111101,1,0110111000111110111101,1,1,219,255
507,2026-03-21 15:40:29,1,0110111010111110101011,0110001110111111101010,1,0110001110111111101010,1,1,229,260
508,2026-03-21 15:40:29,0,0110111111111010101010,0001111011111110101010,1,0001111011111110101010,0,1,240,266
509,2026-03-21 15:40:30,1,0110111111111010101010,0110111111111110100010,1,0110111111111110100010,1,1,250,271
510,2026-03-21 15:40:30,1,0110111010111110101011,0110100010111110101011,1,0110100010111110101011,1,1,260,276
511,2026-03-21 15:40:30,0,0110111010111110101011,0110011010111010111001,1,0110011010111010111001,0,1,260,276
512,2026-03-21 15:40:31,1,0110111010111110101011,0110111010111110101001,1,0110111010111110101001,1,1,260,276
513,2026-03-21 15:40:31,1,0110111010111110101011,0110110010111110101111,1,0110110010111110101111,1,1,260,276
514,2026-03-21 15:40:36,0,0110111010111110101011,0100110010111110101011,1,0100110010111110101011,0,1,260,276
515,2026-03-21 15:40:42,0,0110111010111110101011,0110111000111110010001,1,0110111000111110010001,0,1,260,276
516,2026-03-21 15:40:47,1,0110111010111110101011,0110111010111110101111,1,0110111010111110101111,1,1,260,276
517,2026-03-21 15:41:18,0,0110111010111110101011,0110111010111110101011,1,0110111010111110101011,0,0,260,276
518,2026-03-21 15:41:18,0,0110111010111110101011,1110111010111110101001,1,0110111010111110101111,0,1,260,276
519,2026-03-21 15:41:19,1,0110111010111110101011,0100011010111111101111,0,0100011010111110101111,0,1,260,276
520,2026-03-21 15:41:19,0,0110111010111110101011,0100111110111110000001,1,0100111110111110000001,0,1,260,276
521,2026-03-21 15:41:19,0,0110111010111110101011,1100111010111110001011,1,0110111010111110101001,0,1,260,276
522,2026-03-21 15:41:20,0,0110111010111110101011,0111111010110110100011,1,0111111010110110100011,0,1,260,276
523,2026-03-21 15:41:25,0,0110111010111110101011,1110111010111110100010,1,0110111010111110100010,0,1,260,276
524,2026-03-21 15:41:30,0,0110111010111110101011,0110011010111110101011,1,0110011010111110101011,0,1,260,276
525,2026-03-21 15:41:36,0,0110111010111110101011,1110111010111010101011,0,0110111010111010101011,1,1,260,276
526,2026-03-21 15:41:41,0,0110111010111110101011,0110111010111110101011,1,0110111010111110101011,0,0,260,276
527,2026-03-21 15:41:47,0,0110111010111110101011,1111111111011110101011,1,1111111111011110101011,0,1,260,276
528,2026-03-21 15:41:52,1,0110111010111110101011,0110110110111110101011,0,0110110110111110101011,0,1,260,276
529,2026-03-21 15:41:57,1,0110111010111110101011,0110111010111110100011,0,0110111010111110100011,0,1,260,276
530,2026-03-21 15:42:03,0,0110111010111110101011,0100111010110110101111,1,0100111010110110101111,0,1,260,276
531,2026-03-21 15:42:08,1,0110111010111110101011,0100101000110110101011,1,0100101000110110101011,1,1,260,276
532,2026-03-21 15:42:13,1,0110111010111110101011,0110111010110110101111,1,0110111010110110101111,1,1,260,276
533,2026-03-21 15:42:19,1,0110111010111110101011,0110101010110110101011,1,0110101010110110101011,1,1,260,276
534,2026-03-21 15:42:24,1,0110111010111110101011,0110111010011110101010,1,0110111010011110101010,1,1,260,276
535,2026-03-21 15:42:29,0,0110111010111110101011,0110110010111110101001,1,0110110010111110101001,0,1,260,276
536,2026-03-21 15:42:35,1,0110111010111110101011,0111111111011101001010,1,0111111111011101001010,1,1,260,276
537,2026-03-21 15:42:40,1,0110111010111110101011,0100111010001110100011,1,0100111010001110100011,1,1,260,276
538,2026-03-21 15:42:46,0,0110111010111110101011,0010111110111111101001,1,0010111110111111101001,0,1,260,276
539,2026-03-21 15:42:51,1,0110111010111110101011,0110011010101110101001,1,0110011010101110101001,1,1,260,276
540,2026-03-21 15:42:56,1,0110111010111110101011,0100111010111100001011,1,0100111010111100001011,1,1,260,276
541,2026-03-21 15:43:02,1,0110111010111110101011,0110111011111110100011,1,0110111011111110100011,1,1,260,276
542,2026-03-21 15:43:07,1,0110111010111110101011,0110110010111110101011,1,0110110010111110101011,1,1,260,276
543,2026-03-21 15:43:12,0,0110111010111110101011,0110111010111110111011,1,0110111010111110111011,0,1,260,276
544,2026-03-21 15:43:18,1,0110111010111110101011,0111001010110110101011,1,0111001010110110101011,1,1,260,276
545,2026-03-21 15:43:23,0,0110111010111110101011,0010111010101110101011,1,0010111010101110101011,0,1,260,276
546,2026-03-21 15:43:28,1,0110111010111110101011,1100111110101110001111,1,1100111110101110001111,1,1,260,276
547,2026-03-21 15:43:34,1,0110111010111110101011,0010011111111100101010,1,0010011111111100101010,1,1,260,276
548,2026-03-21 15:43:39,0,0110111010111110101011,0010011010111110001000,1,0010011010111110001000,0,1,260,276
549,2026-03-21 15:43:45,1,0110111010111110101011,0110000011100110101111,1,0110000011100110101111,1,1,260,276
550,2026-03-21 15:43:50,0,0110111010111110101011,0110111010111010101010,1,0110111010111010101010,0,1,260,276
551,2026-03-21 15:43:55,1,0110111010111110101011,0110111010101110011011,1,0110111010101110011011,1,1,260,276
552,2026-03-21 15:44:01,1,0110111010111110101011,0111111010111110111011,1,0111111010111110111011,1,1,260,276
553,2026-03-21 15:44:06,1,0110111010111110101011,0110111010111010101011,1,0110111010111010101011,1,1,260,276
554,2026-03-21 15:44:11,1,0110111010111110101011,0100111011110110111011,1,0100111011110110111011,1,1,260,276
555,2026-03-21 15:44:17,1,0110111010111110101011,0110100011011110101011,1,0110100011011110101011,1,1,260,276
556,2026-03-21 15:44:22,1,0110111010111110101011,0100111010011110111111,1,0100111010011110111111,1,1,260,276
557,2026-03-21 15:44:28,1,0110111010111110101011,0110110010111110101011,1,0110110010111110101011,1,1,260,276
558,2026-03-21 15:44:33,0,0110111010111110101011,0110111110011110111010,1,0110111110011110111010,0,1,260,276
559,2026-03-21 15:44:38,1,0110111010111110101011,0110111000111010100001,1,0110111000111010100001,1,1,260,276
560,2026-03-21 15:44:44,0,0110111010111110101011,0110111110111110100111,1,0110111110111110100111,0,1,260,276
561,2026-03-21 15:44:49,0,0110111010111110101011,1100111011100100100011,1,1100111011100100100011,0,1,260,276
562,2026-03-21 15:44:55,1,0110111010111110101011,0100100010101110111011,1,0100100010101110111011,1,1,260,276
563,2026-03-21 15:45:00,0,0110111010111110101011,1110110010110110111111,1,1110110010110110111111,0,1,260,276
564,2026-03-21 15:45:05,1,0110111010111110101011,0110111000111111111010,1,0110111000111111111010,1,1,260,276
565,2026-03-21 15:45:11,1,0110111010111110101011,0110111011110111100011,1,0110111011110111100011,1,1,260,276
566,2026-03-21 15:45:16,1,0110111010111110101011,0000111010111110110011,1,0110111010111110110011,1,1,260,276
567,2026-03-21 15:45:22,1,0110111010111110101011,0111111000111110101111,1,0111111000111110101111,1,1,260,276
568,2026-03-21 15:45:27,1,0110111010111110101011,0110111110111110101010,1,0110111110111110101010,1,1,260,276
569,2026-03-21 15:45:32,1,0110111010111110101011,0110111010111110100001,1,0110111010111110100001,1,1,260,276
570,2026-03-21 15:45:38,0,0110111010111110101011,0110101010111110101001,1,0110101010111110101001,0,1,260,276
571,2026-03-21 15:45:43,1,0110111010111110101011,0110110010111110101011,1,0110110010111110101011,1,1,260,276
572,2026-03-21 15:45:49,0,0110111010111110101011,0110111010111110101011,1,0110111010111110101011,0,0,260,276
573,2026-03-21 15:45:54,0,0110111010111110101011,0010110010011110101011,1,0010110010011110101011,0,1,260,276
574,2026-03-21 15:45:59,1,0110111010111110101011,0010111001101011101010,1,0010111001101011101010,1,1,260,276
575,2026-03-21 15:46:05,0,0110111010111110101011,0010110010111010001011,1,0010110010111010001011,0,1,260,276
576,2026-03-21 15:46:10,1,0110111010111110101011,0110111010010101101011,1,0110111010010101101011,1,1,260,276
577,2026-03-21 15:46:16,0,0110111010111110101011,1110111100111011111011,1,1110111100111011111011,0,1,260,276
578,2026-03-21 15:46:21,1,0110111010111110101011,0110100110111110101001,0,0110100110111110101001,0,1,260,276
579,2026-03-21 15:46:26,1,0110111010111110101011,0010011010010110101011,1,0010011010010110101011,1,1,260,276
580,2026-03-21 15:46:32,0,0110111010111110101011,0110111000111010101011,1,0110111000111010101011,0,1,260,276
581,2026-03-21 15:46:37,1,0110111010111110101011,0110100010011110101011,1,0110100010011110101011,1,1,260,276
582,2026-03-21 15:46:43,0,0110111010111110101011,0110111000111110100011,1,0110111000111110100011,0,1,260,276
583,2026-03-21 15:46:48,0,0110111010111110101011,0110110110111111111001,1,0110110110111111111001,0,1,260,276
584,2026-03-21 15:46:53,0,0110111010111110101011,0110111000110110101011,1,0110111000110110101011,0,1,260,276
585,2026-03-21 15:46:59,0,0110111010111110101011,0110111010010110101011,0,0110111010010110101011,1,1,260,276
586,2026-03-21 15:47:04,0,0110111010111110101011,0110001010111110101001,1,0110001010111110101001,0,1,260,276
587,2026-03-21 15:47:10,1,0110111010111110101011,0110110010101111001011,0,0110110010101111001011,0,1,260,276
588,2026-03-21 15:47:15,1,0110111010111110101011,0110111011111110000011,1,0110111011111110000011,1,1,260,276
589,2026-03-21 15:47:20,0,0110111010111110101011,0110111010101110101011,1,0110111010101110101011,0,1,260,276
590,2026-03-21 15:47:26,0,0110111010111110101011,0000111111111110101011,1,0000111111111110101011,0,1,260,276
591,2026-03-21 15:47:31,0,0110111010111110101011,0110110000111110111011,0,0110110000111110111011,1,1,260,276
592,2026-03-21 15:47:37,1,0110111010111110101011,0110111110111100110011,1,0110111110111100110011,1,1,260,276
593,2026-03-21 15:47:42,0,0110111010111110101011,0110100000111110101001,0,0110100000111110101001,1,1,260,276
594,2026-03-21 15:47:47,0,0110111010111110101011,1110111100101010101001,1,010110110100001101011,0,1,260,275
595,2026-03-21 15:47:53,1,0110111010111110101011,1110100010111100101011,0,11101000101111100101011,0,1,259,276
596,2026-03-21 15:47:57,0,0110111010111110101011,0110101010111100101010,0,0110101010111100101010,1,1,259,276
597,2026-03-21 15:48:03,1,0110111010111110101011,0110111010111110101011,0,0110111010111110101011,0,0,259,276
598,2026-03-21 15:48:08,1,0110111010111110101011,0110111010101010100111,1,0110111010101010100111,1,1,259,276
599,2026-03-21 15:48:13,0,0110111010111110101011,0110111000111110101111,0,0110111000111110101111,1,1,259,276
600,2026-03-21 15:48:19,1,0110111010111110101011,0110111011111110101011,1,0110111011111110101011,1,1,259,276
601,2026-03-21 15:48:24,1,0110111010111110101011,0110001010101110100001,1,0110001010101110100001,1,1,260,276
602,2026-03-21 15:48:30,1,0110111010111110101011,0110111010111110001011,1,0110111010111110001011,1,1,260,276
603,2026-03-21 15:48:35,0,0110111010111110101011,0110111010111100111111,1,0110111010111100111111,0,1,260,276
604,2026-03-21 15:48:40,0,0110111010111110101011,1111111010111010101001,1,1111111010111010101001,0,1,260,276
605,2026-03-21 15:48:46,1,0110111010111110101011,0110111010111110100010,1,0110111010111110100010,1,1,260,276
606,2026-03-21 15:48:51,1,0110111010111110101011,0010111010111110101011,0,0001011011011111010011,0,1,260,276
607,2026-03-21 15:48:57,1,0110111010111110101011,0110111111111110101011,1,0110111111111110101011,1,1,260,276
608,2026-03-21 15:49:02,0,0110111010111110101011,0110111000011010111011,1,0110111000011010111011,0,1,260,276
609,2026-03-21 15:49:07,1,0110111010111110101011,1110111010111110101011,1,1110111010111110101011,1,1,260,276
610,2026-03-21 15:49:13,1,0110111010111110101011,0110111010111110101010,1,0110111010111110101010,1,1,260,276
611,2026-03-21 15:49:18,0,0110111010111110101011,0110111000111110101011,1,0110111000111110101011,0,1,260,276
612,2026-03-21 15:49:24,1,0110111010111110101011,0100111110101110001011,1,0100111110101110001011,1,1,260,276
613,2026-03-21 15:49:29,0,0110111010111110101011,0110110010111110101011,1,0110110010111110101011,0,1,260,276
614,2026-03-21 15:49:34,0,0110111010111110101011,0011111010011111111001,0,0011111010011111111001,1,1,260,276
615,2026-03-21 15:49:40,1,0110111010111110101011,1100111000111110001011,0,1100111000111110001011,0,1,260,276
616,2026-03-21 15:49:45,1,0110111010111110101011,0110101110011110101001,1,0110101110011110101001,1,1,260,276
617,2026-03-21 15:49:51,0,0110111010111110101011,0110101110111011100110,1,0110101110111011100110,0,1,260,276
618,2026-03-21 15:49:56,0,0110111010111110101011,1110001010111110101011,1,1011011101101110100111,0,1,260,276
619,2026-03-21 15:50:02,0,0110111010111110101011,0110111100101010101011,1,0110111100101010101011,0,1,260,276
620,2026-03-21 15:50:07,0,0110111010111110101011,0110111110111110111001,1,0110111110111110111001,0,1,260,276
621,2026-03-21 15:50:12,1,0110111010111110101011,0110111010111110101011,0,0110111010111110101011,0,0,260,276
622,2026-03-21 15:50:18,0,0110111010111110101011,0100111001110110101000,1,0100111001110110101000,0,1,260,276
623,2026-03-21 15:50:23,0,0110111010111110101011,0110001110111010101011,0,0110001110111010101011,1,1,260,276
624,2026-03-21 15:50:28,1,0110111010111110101011,0010111010111110101011,1,0010111010111110101011,1,1,260,276
625,2026-03-21 15:50:34,0,0110111010111110101011,0111111010111110101011,1,0111111010111110101011,0,1,260,276
626,2026-03-21 15:50:39,1,0110111010111110101011,0110111000111110001011,1,0110111000111110001011,1,1,260,276
627,2026-03-21 15:50:45,0,0110111010111110101011,0111111010111110011010,1,0111111010111110011010,0,1,260,276
628,2026-03-21 15:50:50,1,0110111010111110101011,0011111111111110111011,1,0000111111111111111011,1,1,260,276
629,2026-03-21 15:50:55,1,0110111010111110101011,0111111010110110001011,1,0111111010110110001011,1,1,260,276
630,2026-03-21 15:51:01,1,0110111010111110101011,0110111010011100101011,1,0110111010011100101011,1,1,260,276
631,2026-03-21 15:51:06,1,0110111010111110101011,0111111010111100101011,1,0111111010111100101011,1,1,260,276
632,2026-03-21 15:51:12,1,0110111010111110101011,0110111010111110101001,1,0110111010111110101001,1,1,260,276
633,2026-03-21 15:51:17,1,0110111010111110101011,0100111010111110101111,1,0100111010111110101111,1,1,260,276
634,2026-03-21 15:51:22,1,0110111010111110101011,0110111010110110111011,1,0110111010110110111011,1,1,260,276
635,2026-03-21 15:51:28,1,0110111010111110101011,0110111010101110101010,1,0110111010101110101010,1,1,260,276
636,2026-03-21 15:51:33,1,0110111010111110101011,0110101010110110101011,1,0110101010110110101011,1,1,260,276
637,2026-03-21 15:51:38,0,0110111010111110101011,0111111110111110001011,1,0111111110111110001011,0,1,260,276
638,2026-03-21 15:51:44,1,0110111010111110101011,0110111010110110001011,1,0110111010110110001011,1,1,260,276
639,2026-03-21 15:51:49,1,0110111010111110101011,1110111010110110111011,1,1110111010110110111011,1,1,260,276
640,2026-03-21 15:51:55,0,0110111010111110101011,0111101011111110101111,1,0111101011111110101111,0,1,260,276
641,2026-03-21 15:52:00,0,0110111010111110101011,1010111010111110101011,1,1010111010111110101011,0,1,260,276
642,2026-03-21 15:52:05,1,0110111010111110101011,0110011010110100101111,0,0110011010110100101111,0,1,260,276
643,2026-03-21 15:52:14,1,0110111010111110101011,1010111110111110010110,1,1010111110111110010110,1,1,260,276
644,2026-03-21 15:52:16,0,0110111010111110101011,0110110010111010101011,1,0110110010111010101011,0,1,260,276
645,2026-03-21 15:52:21,1,0110111010111110101011,0110111010101110101011,1,0110111010101110101011,1,1,260,276
646,2026-03-21 15:52:26,0,0110111010111110101011,1111111111111100101001,1,0111111111111100101001,0,1,260,276
647,2026-03-21 15:52:32,1,0110111010111110101011,1110111010111010100011,1,0110111010111010100011,1,1,260,276
648,2026-03-21 15:52:37,0,0110111010111110101011,0110110011111010101011,1,0110110011111010101011,0,1,260,276
649,2026-03-21 15:52:43,1,0110111010111110101011,0010111011111010101010,1,0010111011111010101010,1,1,260,276
650,2026-03-21 15:52:48,1,0110111010111110101011,1111011010011010100011,1,0101110101001010011011,1,1,260,276
651,2026-03-21 15:52:53,1,0110111010111110101011,1100101000101111101111,1,1100101000101111101111,1,1,260,276
652,2026-03-21 15:52:59,1,0110111010111110101011,1010011010111110100001,1,1010011010111110100001,1,1,260,276
653,2026-03-21 15:53:04,0,0110111010111110101011,0111110011111110101011,1,0111110011111110101011,0,1,260,276
654,2026-03-21 15:53:10,0,0110111010111110101011,0110111100101110101011,1,0110111100101110101011,0,1,260,276
655,2026-03-21 15:53:15,0,0110111010111110101011,0111111011111110101011,1,0111111011111110101011,0,1,260,276
656,2026-03-21 15:53:20,1,0110111010111110101011,0010111010111110101011,1,0010111010111110101011,1,1,260,276
657,2026-03-21 15:53:26,0,0110111010111110101011,0110110010111100100011,1,0110110010111100100011,0,1,260,276
658,2026-03-21 15:53:31,0,0110111010111110101011,0110111010011010100011,1,0110111010011010100011,0,1,260,276
659,2026-03-21 15:53:36,0,0110111010111110101011,0110011110111101101011,1,0110011110111101101011,0,1,260,276
660,2026-03-21 15:53:42,1,0110111010111110101011,1100101010101110111011,1,1100101010101110111011,1,1,260,276
661,2026-03-21 15:53:47,0,0110111010111110101011,0010101100011110001010,1,0010101100011110001010,0,1,260,276
662,2026-03-21 15:53:53,1,0110111010111110101011,0011111010011110011011,1,0011111010011110011011,1,1,260,276
663,2026-03-21 15:53:58,1,0110111010111110101011,0100101010000010100011,1,0100101010000010100011,1,1,260,276
664,2026-03-21 15:54:04,0,0110111010111110101011,0110110010111010101011,1,0110110010111010101011,0,1,260,276
665,2026-03-21 15:54:09,1,0110111010111110101011,0110111110111100101011,1,0110111110111100101011,1,1,260,276
666,2026-03-21 15:54:14,0,0110111010111110101011,0110110010101110111011,1,0110110010101110111011,0,1,260,276
667,2026-03-21 15:54:20,1,0110111010111110101011,0110011010101110111011,1,0110011010101110111011,1,1,260,276
668,2026-03-21 15:54:25,1,0110111010111110101011,0110111010111110100011,1,0110111010111110100011,1,1,260,276
669,2026-03-21 15:54:30,1,0110111010111110101011,0110111000111010101011,0,0110111000111010101011,0,1,260,276
670,2026-03-21 15:54:36,0,0110111010111110101011,0111111010111110101011,1,0111111010111110101011,0,1,260,276
671,2026-03-21 15:54:41,0,0110111010111110101011,0111111010111010111011,1,0111111010111010111011,0,1,260,276
672,2026-03-21 15:54:47,1,0110111010111110101011,0111111011101110111011,1,0111111011101110111011,1,1,260,276
673,2026-03-21 15:54:52,1,0110111010111110101011,0010110010111011101011,1,0010110010111011101011,1,1,260,276
674,2026-03-21 15:54:57,1,0110111010111110101011,0110111110011111101011,1,0110111110011111101011,1,1,260,276
675,2026-03-21 15:55:03,0,0110111010111110101011,0111101010101110001011,1,0111101010101110001011,0,1,260,276
676,2026-03-21 15:55:08,0,0110111010111110101011,0110110011110111101101,1,0110110011110111101101,0,1,260,276
677,2026-03-21 15:55:13,1,0110111010111110101011,0110111010111110001001,1,0110111010111110001001,1,1,260,276
678,2026-03-21 15:55:19,0,0110111010111110101011,0010111000111110101011,1,0010111000111110101011,0,1,260,276
679,2026-03-21 15:55:24,0,0110111010111110101011,0110111011111110001111,0,0110111011111110001111,1,1,260,276
680,2026-03-21 15:55:30,0,0110111010111110101011,0110111010110110101011,0,0110111010110110101011,1,1,260,276
681,2026-03-21 15:55:35,0,0110111010111110101011,0010011010101110101011,1,0010011010101110101011,0,1,260,276
682,2026-03-21 15:55:40,0,0110111010111110101011,0110011010001110101111,0,0110011010001110101111,1,1,260,276
683,2026-03-21 15:55:46,1,0110111010111110101011,0111111110111100101010,0,0111111110111100101010,0,1,260,276
684,2026-03-21 15:55:51,0,0110111010111110101011,0110100010010110101011,1,0110100010010110101011,0,1,260,276
685,2026-03-21 15:55:56,0,0110111010111110101011,0110111100100111101111,1,0110111100100111101111,0,1,260,276
686,2026-03-21 15:56:02,0,0110111010111110101011,0111100011111110101011,1,0111100011111110101011,0,1,260,276
687,2026-03-21 15:56:07,1,0110111010111110101011,1110011000111110100010,1,0110011000111110100010,1,1,260,276
688,2026-03-21 15:56:13,0,0110111010111110101011,0110011000111010101011,1,0110011000111010101011,0,1,260,276
689,2026-03-21 15:56:18,1,0110111010111110101011,0110111010111110100011,1,0110111010111110100011,1,1,260,276
690,2026-03-21 15:56:23,1,0110111010111110101011,0010111010111100100011,1,0010111010111100100011,1,1,260,276
691,2026-03-21 15:56:29,0,0110111010111110101011,0110111010111110101010,1,0110111010111110101010,0,1,260,276
692,2026-03-21 15:56:34,0,0110111010111110101011,0110111000101110101010,1,0110111000101110101010,0,1,260,276
693,2026-03-21 15:56:40,0,0                  0 0110111010111110101011,0                  0 0010111010111110101011,1,0110111000111110101011,0,1,289,281
694,2026-03-21 15:56:45,1,0110111010111110101011,0110101001110111101001,1,0110101001110111101001,1,1,265,281
695,2026-03-21 15:56:50,0,0110111010111110101011,0110111110111110101011,0,,1,1,265,276
696,2026-03-21 15:56:56,0,0110111010111110101011,0110011010111110101111,1,0110011010111110101111,0,1,258,281
697,2026-03-21 15:57:01,0,0110111010111110101011,0110111010111110101011,0,0110111010111110101011,1,0,258,281
698,2026-03-21 15:57:06,0,0110111010111110101011,0110011000111010100011,1,0110011000111010100011,0,1,258,281
699,2026-03-21 15:57:12,1,0110111010111110101011,0110101000111110001011,1,0110101000111110001011,1,1,258,281
700,2026-03-21 15:57:17,0,0110111010111110101011,0010111010101010101001,0,0010111010101010101001,1,1,253,276
701,2026-03-21 15:59:36,0,0110111010111110101011,0011011010101110101011,1,0011011010101110101011,0,1,253,276
702,2026-03-21 15:59:37,0,0110111010111110101011,0110111010111110101001,1,0110111010111110101001,0,1,260,276
703,2026-03-21 15:59:37,1,0110111010111110101011,0000111010111110000011,1,0010111010101010101001,1,1,260,276
704,2026-03-21 15:59:37,1,0110111010111110101011,0110111011001111100010,1,0110111011001111100010,1,1,260,276
705,2026-03-21 15:59:37,0,0110111010111110101011,0100011011111111101001,1,0100011011111111101001,0,1,260,276
706,2026-03-21 15:59:38,1,0110111010111110101011,0000111010111100101011,1,0000111010111100101011,1,1,260,276
707,2026-03-21 15:59:38,1,0110111010111110101011,0111101010001100101010,1,0111101010001100101010,1,1,260,276
708,2026-03-21 15:59:38,1,0110111010111110101011,0110111110111110011010,1,0110111110111110011010,1,1,260,276
709,2026-03-21 15:59:38,1,0110111010111110101011,0111111010101110101011,1,0111111010101110101011,1,1,260,276
710,2026-03-21 15:59:39,0,0110111010111110101011,0110111000111110101010,1,0110111000111110101010,0,1,260,276
711,2026-03-21 15:59:39,1,0110111010111110101011,0110111010111110000011,1,0110111010111110000011,1,1,260,276
712,2026-03-21 15:59:41,0,0110111010111110101011,0110101010111110101011,1,0110101010111110101011,0,1,260,276
713,2026-03-21 15:59:47,1,0110111010111110101011,0110111010111110101011,1,0110111010111110101011,1,0,260,276
714,2026-03-21 15:59:52,1,0110111010111110101011,0110111010111110100111,1,0110111010111110100111,1,1,260,276
715,2026-03-21 15:59:58,0,0110111010111110101011,0110111010110100111011,1,0110111010110100111011,0,1,260,276
716,2026-03-21 16:00:03,0,0110111010111110101011,0100111011011111111011,1,0100111011011111111011,0,1,260,276
717,2026-03-21 16:00:08,1,0110111010111110101011,0110111010111111111100,1,0110111010111111111100,1,1,260,276
718,2026-03-21 16:00:14,0,0110111010111110101011,0110100011111111100111,1,0110100011111111100111,0,1,260,276
719,2026-03-21 16:00:19,0,0110111010111110101011,1100101110111110101111,1,1100101110111110101111,0,1,260,276
720,2026-03-21 16:00:25,0,0110111010111110101011,0110110010110110101001,1,101101011011011010101,0,1,260,275
721,2026-03-21 16:00:29,0,0110111010111110101011,1111110010101110101011,1,1111110010101110101011,0,1,259,276
722,2026-03-21 16:00:34,0,0110111010111110101011,0010111010111110101111,1,0010111010111110101111,0,1,259,276
723,2026-03-21 16:00:40,1,0110111010111110101011,0110111010111010101010,1,0110111010111010101010,1,1,259,276
724,2026-03-21 16:00:45,0,0110111010111110101011,0010111011111110010010,1,0010111011111110010010,0,1,259,276
725,2026-03-21 16:00:51,0,0110111010111110101011,0110111010101111101011,1,0110111010101111101011,0,1,259,276
726,2026-03-21 16:00:56,0,0110111010111110101011,0110111010111110101011,1,0110111010111110101011,0,0,259,276
727,2026-03-21 16:01:01,1,0110111010111110101011,0110101011111110101011,0,0110101011111110101011,0,1,260,276
728,2026-03-21 16:01:07,0,0110111010111110101011,0110111110111100101011,1,0110111110111100101011,0,1,260,276
729,2026-03-21 16:01:12,1,0110111010111110101011,0100111010111110111011,1,0100111010111110111011,1,1,260,276
730,2026-03-21 16:01:18,0,0110111010111110101011,1110100010111010100011,1,1110100010111010100011,0,1,260,276
731,2026-03-21 16:01:23,1,0110111010111110101011,0110111110110010101011,1,0110111110110010101011,1,1,260,276
732,2026-03-21 16:01:29,0,0110111010111110101011,0110111010111010101011,1,0110111010111010101011,0,1,260,276
733,2026-03-21 16:01:34,1,0110111010111110101011,0110111101111010101011,1,0110111101111010101011,1,1,260,276
734,2026-03-21 16:01:40,1,0110111010111110101011,0110011010111110101011,1,0110011010111110101011,1,1,260,276
735,2026-03-21 16:01:45,1,0110111010111110101011,0100011010111110100001,0,0100011010111110100001,0,1,260,276
736,2026-03-21 16:01:50,0,0110111010111110101011,0110111000111110111011,1,0110111000111110111011,0,1,260,276
737,2026-03-21 16:01:56,0,0110111010111110101011,0110110010111110101111,1,0110110010111110101111,0,1,260,276
738,2026-03-21 16:02:01,0,0110111010111110101011,1011111100001110101111,1,1011111100001110101111,0,1,260,276
739,2026-03-21 16:02:07,0,0110111010111110101011,0110111010100110100011,1,0110111010100110100011,0,1,260,276
740,2026-03-21 16:02:11,0,0110111010111110101011,1110111110111111111001,1,1110111110111111111001,0,1,260,276
741,2026-03-21 16:02:17,0,0110111010111110101011,0011101010111100011011,1,0011101010111100011011,0,1,260,276
742,2026-03-21 16:02:22,0,0110111010111110101011,0100111000111110101011,0,0100111000111110101011,1,1,260,276
743,2026-03-21 16:02:27,1,0110111010111110101011,0100101110111010101011,1,0100101110111010101011,1,1,260,276
744,2026-03-21 16:02:33,1,0110111010111110101011,0110111010101110100011,1,0110111010101110100011,1,1,260,276
745,2026-03-21 16:02:38,0,0110111010111110101011,0110111010101110101111,1,0110111010101110101111,0,1,260,276
746,2026-03-21 16:02:44,0,0110111010111110101011,0110110010011111101101,1,0110110010011111101101,0,1,260,276
747,2026-03-21 16:02:49,1,0110111010111110101011,0100100010101110001011,1,0100100010101110001011,1,1,260,276
748,2026-03-21 16:02:54,1,0110111010111110101011,1110001010100100101010,1,1010001010100100101010,1,1,260,276
749,2026-03-21 16:03:00,1,0110111010111110101011,0010111010111110111011,1,0010111010111110111011,1,1,260,276
750,2026-03-21 16:03:05,1,0110111010111110101011,0110101010111111101110,1,0110101010111111101110,1,1,260,276
751,2026-03-21 16:03:11,1,0110111010111110101011,0110111010111111101010,1,0110111010111111101010,1,1,260,276
752,2026-03-21 16:03:16,1,0110111010111110101011,0110011010101110001011,1,0110011010101110001011,1,1,260,276
753,2026-03-21 16:03:21,0,0110111010111110101011,0100111010111110101010,1,0100111010111110101010,0,1,260,276
754,2026-03-21 16:03:27,1,0110111010111110101011,0110100010111010101011,1,0110100010111010101011,1,1,260,276
755,2026-03-21 16:03:32,1,0110111010111110101011,0110111010111110101111,1,0110111010111110101111,1,1,260,276
756,2026-03-21 16:03:37,0,0110111010111110101011,0111000010110110101011,1,0111000010110110101011,0,1,260,276
757,2026-03-21 16:03:43,0,0110111010111110101011,0100111010001111001011,1,0100111010001111001011,0,1,260,276
758,2026-03-21 16:03:48,0,0110111010111110101011,1101111010111100101010,1,1101111010111100101010,0,1,260,276
759,2026-03-21 16:03:54,1,0110111010111110101011,0110011110110110101011,1,0110011110110110101011,1,1,260,276
760,2026-03-21 16:03:59,0,0110111010111110101011,1110111000111100101010,1,1101011000111100101010,0,1,260,276
761,2026-03-21 16:04:04,1,0110111010111110101011,0110110010111110101011,1,0110110010111110101011,1,1,260,276
762,2026-03-21 16:04:10,1,0110111010111110101011,0110101110111010101011,1,0110101110111010101011,1,1,260,276
763,2026-03-21 16:04:15,1,0110111010111110101011,0111111010111110101011,1,0111111010111110101011,1,1,260,276
764,2026-03-21 16:04:21,0,0110111010111110101011,1110110011111110111001,1,1110110011111110111001,0,1,260,276
765,2026-03-21 16:04:26,0,0110111010111110101011,1110111000111100101011,0,1110111000111100101011,1,1,260,276
766,2026-03-21 16:04:31,1,0110111010111110101011,0010111010111010101011,1,0010111010111010101011,1,1,260,276
767,2026-03-21 16:04:37,1,0110111010111110101011,0110110010111100011011,1,0110110010111100011011,1,1,260,276
768,2026-03-21 16:04:42,0,0110111010111110101011,0110111010111110101011,1,0110111010111110101011,0,0,260,276
769,2026-03-21 16:04:48,0,0110111010111110101011,1110111011111110101101,1,010110101101,0,1,260,272
770,2026-03-21 16:04:53,1,0110111010111110101011,0110111010111110001111,1,0110111010111110001111,1,1,256,276
771,2026-03-21 16:04:58,0,0110111010111110101011,0100110010110111101111,1,0100110010110111101111,0,1,256,276
772,2026-03-21 16:05:04,1,0110111010111110101011,1110111010101110101011,1,1110111010101110101011,1,1,256,276
773,2026-03-21 16:05:09,1,0110111010111110101011,0100111110110110101011,1,0100111110110110101011,1,1,256,276
774,2026-03-21 16:05:15,1,0110111010111110101011,0111111010101110101010,1,0111111010101110101010,1,1,256,276
775,2026-03-21 16:05:20,0,0110111010111110101011,0111111010111110101011,1,0111111010111110101011,0,1,256,276
776,2026-03-21 16:05:25,1,0110111010111110101011,0110101010111110011001,1,0110101010111110011001,1,1,260,276
777,2026-03-21 16:05:31,1,0110111010111110101011,0110111010101110101010,1,0110111010101110101010,1,1,260,276
778,2026-03-21 16:05:35,1,0110111010111110101011,1110111011111101100011,1,1110111011111101100011,1,1,260,276
779,2026-03-21 16:05:41,0,0110111010111110101011,0110111010111110111011,1,0110111010111110111011,0,1,260,276
780,2026-03-21 16:05:46,0,0110111010111110101011,0110101010111100001011,0,0110101010111100001011,1,1,260,276
781,2026-03-21 16:05:51,0,0110111010111110101011,0110111010100110101011,1,0110111010100110101011,0,1,260,276
782,2026-03-21 16:05:57,1,0110111010111110101011,0100111010111110101011,0,0100111010111110101011,0,1,260,276
783,2026-03-21 16:06:02,0,0110111010111110101011,0011111010111100101010,0,0011111010111100101010,1,1,260,276
784,2026-03-21 16:06:07,0,0110111010111110101011,0110011010101100101011,1,0110011010101100101011,0,1,260,276
785,2026-03-21 16:06:13,0,0110111010111110101011,0110110010111100111110,0,0110110010111100111110,1,1,260,276
786,2026-03-21 16:06:18,0,0110111010111110101011,0110111010011110111011,0,0110111010011110111011,1,1,260,276
787,2026-03-21 16:06:24,0,0110111010111110101011,0110111010111010101011,1,0110111010111010101011,0,1,260,276
788,2026-03-21 16:06:29,1,0110111010111110101011,0110110110101110101011,0,0110110110101110101011,0,1,260,276
789,2026-03-21 16:06:34,0,0110111010111110101011,0110101010111110101011,0,0110101010111110101011,1,1,260,276
790,2026-03-21 16:06:40,0,0110111010111110101011,0111101010110100100111,1,0111101010110100100111,0,1,260,276
791,2026-03-21 16:06:45,1,0110111010111110101011,1110111000111110101011,1,1011010000111110101011,1,1,260,276
792,2026-03-21 16:06:51,1,0110111010111110101011,0100111010111010001011,1,0100111010111010001011,1,1,260,276
793,2026-03-21 16:06:56,0,0110111010111110101011,0100111010111000101010,1,0100111010111000101010,0,1,260,276
794,2026-03-21 16:07:01,0,0110111010111110101011,0110111010011011101011,1,0110111010011011101011,0,1,260,276
795,2026-03-21 16:07:07,0,0110111010111110101011,0110111010011110110001,1,0110111010011110110001,0,1,260,276
796,2026-03-21 16:07:12,0,0110111010111110101011,0110111110011011101011,1,0110111110011011101011,0,1,260,276
797,2026-03-21 16:07:18,0,0110111010111110101011,0000111010111110101011,1,0110111110011011101011,0,1,260,276
798,2026-03-21 16:07:23,1,0110111010111110101011,1110111010111000101011,0,0000111010111110101011,0,1,260,276
799,2026-03-21 16:07:29,1,0110111010111110101011,0110110010011110101011,1,0110110010011110101011,1,1,260,276
800,2026-03-21 16:07:34,1,0110111010111110101011,0110011010111110101011,1,0110011010111110101011,1,1,260,276
801,2026-03-21 16:07:40,1,0110111010111110101011,0110111010010110111110,1,0110111010010110111110,1,1,260,276
802,2026-03-21 16:07:45,0,0110111010111110101011,0111111010110110101011,1,0111111010110110101011,0,1,260,276
803,2026-03-21 16:07:50,1,0110111010111110101011,0110111010111100001011,1,0110111010111100001011,1,1,260,276
804,2026-03-21 16:07:56,0,0110111010111110101011,0110111010111111111011,1,0110111010111111111011,0,1,260,276
805,2026-03-21 16:08:01,0,0110111010111110101011,0010110001111110100011,1,0110000111111110100011,0,1,260,276
806,2026-03-21 16:08:07,0,0110111010111110101011,0010110010111110101001,1,0010110010111110101001,0,1,260,276
807,2026-03-21 16:08:12,1,0110111010111110101011,0110110000101110100111,1,0110110000101110100111,1,1,260,276
808,2026-03-21 16:08:17,1,0110111010111110101011,0110110010111010101001,1,0110110010111010101001,1,1,260,276
809,2026-03-21 16:08:23,0,0110111010111110101011,0110101011111110001001,0,0110101011111110001001,1,1,260,276
810,2026-03-21 16:08:28,1,0110111010111110101011,0110111010111111101011,1,0110111010111111101011,1,1,260,276
811,2026-03-21 16:08:34,1,0110111010111110101011,0110111010011111101111,1,0110111010011111101111,1,1,260,276
812,2026-03-21 16:08:38,1,0110111010111110101011,0110110110111110101001,1,0110110110111110101001,1,1,260,276
813,2026-03-21 16:08:43,1,0110111010111110101011,0111101010110010111001,1,0111101010110010111001,1,1,260,276
814,2026-03-21 16:08:49,0,0110111010111110101011,0110111110111100101000,1,0110111110111100101000,0,1,260,276
815,2026-03-21 16:08:54,1,0110111010111110101011001101011011,1110111000100110101000000101011011,1,1110111000100110101000000101011011,1,1,264,284
816,2026-03-21 16:09:01,0,0110111010111110101011101010101011,0110111000111110110011101010101011,1,0110111000111110110011101010101011,0,1,272,288
817,2026-03-21 16:09:06,0,0110111010111110101011001101011011,0100111010111110101111001001011111,0,0100111010111110101111001001011111,1,1,280,292
818,2026-03-21 16:09:11,0,0110111010111110101011,0110001010111110101011,1,0110001010111110101011,0,1,284,288
819,2026-03-21 16:09:18,0,0110111010111110101011001101011011,0010111010111110001111000111011111,1,0010111010111110001111000111011111,0,1,288,296
820,2026-03-21 16:09:23,0,0110111010111110101011101010101011,0111101010111111101011101011101011,1,0111101010111111101011101011101011,0,1,296,300
821,2026-03-21 16:09:30,0,0110111010111110101011001101011011,1110111010111110100011001101001101,1,1011011101011111011100100110101101,0,1,304,304
822,2026-03-21 16:09:36,0,0110111010111110101011101010101011,1110111110111100101011101110100011,1,1110111110111100101011101110100011,0,1,304,304
823,2026-03-21 16:09:42,1,0110111010111110101011001101011011,0010111010110110101011001100000101,1,0010111010110110101011001100000101,1,1,304,304
824,2026-03-21 16:09:48,0,0110111010111110101011001101011011,0110111011111110111011000100011011,1,0110111011111110111011000100011011,0,1,304,304
825,2026-03-21 16:09:54,1,0110111010111110101011001101011011,0010111110111110101011001101001010,1,0111111111111111101011111110101111,1,1,312,308
826,2026-03-21 16:10:01,0,0110111010111110101011001101011011,0001111110011110011001001001011011,0,0001111110011110011001001001011011,1,1,312,308
827,2026-03-21 16:10:06,1,0110111010111110101011001101011011,0010111011111100001101001001011011,1,0010111011111100001101001001011011,1,1,312,308
828,2026-03-21 16:10:13,1,0110111010111110101011001101011011,0110010010011110001011001111001011,1,0110010010011110001011001111001011,1,1,312,308
829,2026-03-21 16:10:19,1,0110111010111110101011001101011011,0010110110111110101011001101001000,1,0010110110111110101011001101001000,1,1,312,308
830,2026-03-21 16:10:25,1,0110111010111110101011001101011011,0110111010111110101011001100011011,1,0110111010111110101011001100011011,1,1,312,308
831,2026-03-21 16:10:32,0,0110111010111110101011001101011011,0110011110110110101110001001011101,1,0110011110110110101110001001011101,0,1,312,308
832,2026-03-21 16:10:37,0,0110111010111110101011001101011011,0110101010110111101010001111011111,1,0110101010110111101010001111011111,0,1,312,308
833,2026-03-21 16:10:44,1,0110111010111110101011001101011011,0110110010011110101011001111001010,1,0110110010011110101011001111001010,1,1,312,308
834,2026-03-21 16:10:50,0,0110111010111110101011001101011011,0110111011111000101011000111011011,1,0110111011111000101011000111011011,0,1,312,308
835,2026-03-21 16:10:57,1,0110111010111110101011001101011011,0110011010101110101111001101011100,1,0110011010101110101111001101011100,1,1,312,308
836,2026-03-21 16:11:03,1,0110111010111110101011001101011011,0110111110111110000011001001011011,1,0110111110111110000011001001011011,1,1,312,308
837,2026-03-21 16:11:08,0,0110111010111110101011001101011011,1110100011111110001011100101001011,1,1110100011111110001011100101001011,0,1,312,308
838,2026-03-21 16:11:15,1,0110111010111110101011001101011011,0100111011111011101001001111110011,1,0100111011111011101001001111110011,1,1,312,308
839,2026-03-21 16:11:21,0,0110111010111110101011001101011011,0110111000100110001111101101001011,1,0110111000100110001111101101001011,0,1,312,308
840,2026-03-21 16:11:28,1,0110111010111110101011001101011011,0010111010101110101011001001111111,1,0010111010101110101011001001111111,1,1,312,308
841,2026-03-21 16:11:33,0,0110111010111110101011001101011011,0110111010111110101001001111011011,0,0110111010111110101001001111011011,1,1,312,308
842,2026-03-21 16:11:40,0,0110111010111110101011001101011011,1111011010111110001011001101011111,1,1111011010111110001011001101011111,0,1,312,308
843,2026-03-21 16:11:46,1,0110111010111110101011001101011011,0110111110111010001001001101010011,1,0110111110111010001001001101010011,1,1,312,308
844,2026-03-21 16:11:52,0,0110111010111110101011001101011011,0110111010111000111001000101110011,1,0110111010111000111001000101110011,0,1,312,308
845,2026-03-21 16:11:59,1,0110111010111110101011001101011011,0110111010111101111111001001011001,1,0110111010111101111111001001011001,1,1,312,308
846,2026-03-21 16:12:05,0,0110111010111110101011001101011011,0010111010111110001011001111011011,1,0010111010111110001011001111011011,0,1,312,308
847,2026-03-21 16:12:11,0,0110111010111110101011001101011011,0110001000111110100011001101011011,1,0110001000111110100011001101011011,0,1,312,308
848,2026-03-21 16:12:17,0,0110111010111110101011001101011011,0110111011111110101011001100011010,1,0010111010111110001011001111011011,0,1,312,308
849,2026-03-21 16:12:24,1,0110111010111110101011001101011011,0011111010111110001111001101000111,1,0011111010111110001111001101000111,1,1,312,308
850,2026-03-21 16:12:29,1,0110111010111110101011001101011011,0110111010011110111011001101010111,0,0110111010011110111011001101010111,0,1,312,308
851,2026-03-21 16:12:36,0,0110111010111110101011001101011011,0110110000110110100011001101011011,1,0110110000110110100011001101011011,0,1,312,308
852,2026-03-21 16:12:42,0,0110111010111110101011001101011011,0110111010111111001001001101111011,1,0110111010111111001001001101111011,0,1,312,308
853,2026-03-21 16:12:48,1,0110111010111110101011001101011011,1110101010111010101011001101011011,1,0110101010111010101011001101011011,1,1,312,308
854,2026-03-21 16:12:55,0,0110111010111110101011001101011011,0100111010111110101011101101111011,1,0100111010111110101011101101111011,0,1,312,308
855,2026-03-21 16:13:00,0,0110111010111110101011001101011011,0110111010111111110011011100001011,1,0110111010111111110011011100001011,0,1,312,308
856,2026-03-21 16:13:07,1,0110111010111110101011001101011011,0110111000111110101011001101011111,1,0110111000111110101011001101011111,1,1,312,308
857,2026-03-21 16:13:13,1,0110111010111110101011001101011011,0110111010111110101001101101111011,0,0110111010111110101001101101111011,0,1,312,308
858,2026-03-21 16:13:20,0,0110111010111110101011001101011011,0010111111101110101011010001010011,1,0010111111101110101011010001010011,0,1,312,308
859,2026-03-21 16:13:26,1,0110111010111110101011001101011011,0110111010111110001011011101011011,1,0110111010111110001011011101011011,1,1,312,308
860,2026-03-21 16:13:31,1,0110111010111110101011001101011011,0110110100111110101011111101011101,1,0110110100111110101011111101011101,1,1,312,308
861,2026-03-21 16:13:38,0,0110111010111110101011001101011011,1100011010111110101011001101011011,1,1100011010111110101011001101011011,0,1,312,308
862,2026-03-21 16:13:44,1,0110111010111110101011001101011011,0110011010111010101111001100011111,1,0110011010111010101111001100011111,1,1,312,308
863,2026-03-21 16:13:51,1,0110111010111110101011001101011011,0011011101111110101011101101111011,1,0011011101111110101011101101111011,1,1,312,308
864,2026-03-21 16:13:57,1,0110111010111110101011001101011011,0110111111111110101001001001011011,1,0110111111111110101001001001011011,1,1,312,308
865,2026-03-21 16:14:03,0,0110111010111110101011001101011011,0010111010111110111010011100011101,1,0010111010111110111010011100011101,0,1,312,308
866,2026-03-21 16:14:09,1,0110111010111110101011001101011011,0110111010111110100011001101011011,1,0110111010111110100011001101011011,1,1,312,308
867,2026-03-21 16:14:15,0,0110111010111110101011001101011011,0110111110011010111111001101011011,1,0110111110011010111111001101011011,0,1,312,308
868,2026-03-21 16:14:22,1,0110111010111110101011001101011011,0100111011101110101111001101010101,1,1010111011011011101110101101010101,1,1,312,308
869,2026-03-21 16:14:27,0,0110111010111110101011001101011011,0110111010111110001011101100011011,1,0110111010111110001011101100011011,0,1,312,308
870,2026-03-21 16:14:34,0,0110111010111110101011001101011011,0110111010111111001011001101011011,1,0110111010111111001011001101011011,0,1,312,308
871,2026-03-21 16:14:40,1,0110111010111110101011001101011011,0110111000111110111011101101011011,0,0110111000111110111011101101011011,0,1,312,308
872,2026-03-21 16:14:47,1,0110111010111110101011001101011011,1110111010011011101011001100010001,1,0110111010011011101011001100010001,1,1,312,308
873,2026-03-21 16:14:52,1,0110111010111110101011001101011011,0110111010110110111010011101011011,1,0110111010110110111010011101011011,1,1,312,308
874,2026-03-21 16:14:59,1,0110111010111110101011001101011011,0100110010011110101001001101011111,1,0100110010011110101001001101011111,1,1,312,308
875,2026-03-21 16:15:05,0,0110111010111110101011001101011011,0111111010111110101010101101001000,1,0111111010111110101010101101001000,0,1,312,308
876,2026-03-21 16:15:12,0,0110111010111110101011001101011011,0110110110011110111011001100001001,1,0110110110011110111011001100001001,0,1,312,308
877,2026-03-21 16:15:18,0,0110111010111110101011001101011011,0100101010101110100011001110011011,1,0100101010101110100011001110011011,0,1,312,308
878,2026-03-21 16:15:23,0,0110111010111110101011001101011011,0110111010111110100111011101011011,1,0110111010111110100111011101011011,0,1,312,308
879,2026-03-21 16:15:30,1,0110111010111110101011001101011011,0110111000111110101111101101011010,0,0110111000111110101111101101011010,0,1,312,308
880,2026-03-21 16:15:36,1,0110111010111110101011001101011011,0100111100111110110011011001011011,1,0100111100111110110011011001011011,1,1,312,308
881,2026-03-21 16:15:43,0,0110111010111110101011001101011011,0100110010110110111011001101011011,1,0100110010110110111011001101011011,0,1,312,308
882,2026-03-21 16:15:49,1,0110111010111110101011001101011011,0110111010111110101001011101011011,1,0110111010111110101001011101011011,1,1,312,308
883,2026-03-21 16:15:55,0,0110111010111110101011001101011011,0100101010111110101010001100001011,1,0100101010111110101010001100001011,0,1,312,308
884,2026-03-21 16:16:01,0,0110111010111110101011001101011011,0110111111001100001001001101011000,1,0110111111001100001001001101011000,0,1,312,308
885,2026-03-21 16:16:07,0,0110111010111110101011001101011011,0101111010111110101111101100010011,1,0101111010111110101111101100010011,0,1,312,308
886,2026-03-21 16:16:14,0,0110111010111110101011001101011011,0100111010111010110011101001011011,1,0100111010111010110011101001011011,0,1,312,308
887,2026-03-21 16:16:19,1,0110111010111110101011001101011011,0110101110111111101001011101011011,0,0110101110111111101001011101011011,0,1,312,308
888,2026-03-21 16:16:26,1,0110111010111110101011001101011011,0110011010111110001111001111010010,0,0110011010111110001111001111010010,0,1,312,308
889,2026-03-21 16:16:32,0,0110111010111110101011001101011011,0110110010011110101011001101111000,1,0110110010011110101011001101111000,0,1,312,308
890,2026-03-21 16:16:39,0,0110111010111110101011001101011011,0010101100111110111011001110000011,0,0010101100111110111011001110000011,1,1,312,308
891,2026-03-21 16:16:44,0,0110111010111110101011001101011011,0000111000111101101001100101011111,1,0000111000111101101001100101011111,0,1,312,308
892,2026-03-21 16:16:51,1,0110111010111110101011001101011011,0110101010111111101110001111011011,1,0110101010111111101110001111011011,1,1,312,308
893,2026-03-21 16:16:57,1,0110111010111110101011001101011011,0100111010111110001011001001010011,0,0100111010111110001011001001010011,0,1,312,308
894,2026-03-21 16:17:04,1,0110111010111110101011001101011011,0110111010110101101010000100001011,1,0110111010110101101010000100001011,1,1,312,308
895,2026-03-21 16:17:09,1,0110111010111110101011001101011011,0110101110110110101011101101011011,1,0110101110110110101011101101011011,1,1,312,308
896,2026-03-21 16:17:15,1,0110111010111110101011001101011011,0110111010111111101011001101011010,1,0110111010111111101011001101011010,1,1,312,308
897,2026-03-21 16:17:22,0,0110111010111110101011001101011011,0110111010111110001011001101111001,1,0110111010111111101011001101011010,0,1,312,308
898,2026-03-21 16:17:28,1,0110111010111110101011001101011011,0111111010111110111001000001010110,1,0111111010111110111001000001010110,1,1,312,308
899,2026-03-21 16:17:35,0,0110111010111110101011001101011011,0110111011011110101011001100111010,1,0110111011011110101011001100111010,0,1,312,308
900,2026-03-21 16:17:40,0,0110111010111110101011001101011011,0010101010011100111011101101101011,0,0010101010011100111011101101101011,1,1,312,308
901,2026-03-21 16:17:47,1,0110111010111110101011001101011011,0100110010111010101011011111011011,0,011010101110111001101101110101011,0,1,312,307
902,2026-03-21 16:17:53,1,0110111010111110101011001101011011,0110110010111110101011001101011011,0,0110110010111110101011001101011011,0,1,311,308
903,2026-03-21 16:17:59,0,0110111010111110101011001101011011,1111111010111001101001010101011011,0,1101010111111001001010101011011,1,1,311,307
904,2026-03-21 16:18:06,1,0110111010111110101011001101011011,0010111011111101101011101101110011,1,0010111011111101101011101101110011,1,1,310,308
905,2026-03-21 16:18:11,1,0110111010111110101011001101011011,0110111010101110001001001001011111,1,0110111010101110001001001001011111,1,1,310,308
906,2026-03-21 16:18:18,1,0110111010111110101011001101011011,0010111110011110101011101101011010,1,0010111110011110101011101101011010,1,1,310,308
907,2026-03-21 16:18:24,0,0110111010111110101011001101011011,0110111010111110100111001101011011,1,0110111010111110100111001101011011,0,1,310,308
908,2026-03-21 16:18:30,1,0110111010111110101011001101011011,0110011111001110111111001101011001,1,0110011111001110111111001101011001,1,1,311,308
909,2026-03-21 16:18:36,0,0110111010111110101011001101011011,0110111010011111101000000111011011,1,0110111010011111101000000111011011,0,1,311,308
910,2026-03-21 16:18:42,0,0110111010111110101011001101011011,0110011011111100001011101100011011,1,0110011011111100001011101100011011,0,1,312,308
911,2026-03-21 16:18:49,1,0110111010111110101011001101011011,1010111010111110101011001101011011,1,1010111010111110101011001101011011,1,1,312,308
912,2026-03-21 16:18:55,1,0110111010111110101011001101011011,1111110010111111101011001101011001,1,1010111010111110101011001101011011,1,1,312,308
913,2026-03-21 16:19:02,0,0110111010111110101011001101011011,0110101011111110101011011111011011,1,0110101011111110101011011111011011,0,1,312,308
914,2026-03-21 16:19:07,1,0110111010111110101011001101011011,0110111110111111101011100101011011,1,0110111110111111101011100101011011,1,1,312,308
915,2026-03-21 16:19:13,0,0110111010111110101011001101011011,0011111010111100001011001111011011,1,0011111010111100001011001111011011,0,1,312,308
916,2026-03-21 16:19:20,0,0110111010111110101011001101011011,0111111011111110101011101100010011,1,1111111011111110101011101100010011,0,1,312,308
917,2026-03-21 16:19:26,0,0110111010111110101011001101011011,0110111000111101101011001111011011,1,0110111000111101101011001111011011,0,1,312,308
918,2026-03-21 16:19:33,0,0110111010111110101011001101011011,0110111000111010101011101101010011,1,0110111000111010101011101101010011,0,1,312,308
919,2026-03-21 16:19:38,1,0110111010111110101011001101011011,0110111010111111101011001101011111,1,0110111010111111101011001101011111,1,1,312,308
920,2026-03-21 16:19:45,0,0110111010111110101011001101011011,0110111010111110111011001000111111,1,0110111010111110111011001000111111,0,1,312,308
921,2026-03-21 16:19:51,1,0110111010111110101011001101011011,0010111010101111101001101101010010,1,0110111010101111101001101101010010,1,1,312,308
922,2026-03-21 16:19:58,1,0110111010111110101011001101011011,0111010010111110101001010101011011,1,0111010010111110101001010101011011,1,1,312,308
923,2026-03-21 16:20:03,0,0110111010111110101011001101011011,1110111010111110001011101001011011,1,1010111010111110001011101001011011,0,1,312,308
924,2026-03-21 16:20:10,0,0110111010111110101011001101011011,0110111010111110011111001000011011,1,0110111010111110011111001000011011,0,1,312,308
925,2026-03-21 16:20:16,0,0110111010111110101011001101011011,0100111010111110110011011100011010,1,0100111010111110110011011100011010,0,1,312,308
926,2026-03-21 16:20:22,0,0110111010111110101011001101011011,0111111010011100101111000101011011,1,0111111010011100101111000101011011,0,1,312,308
927,2026-03-21 16:20:28,0,0110111010111110101011001101011011,0110101010111110101010000101011011,0,0110101010111110101010000101011011,1,1,312,308
928,2026-03-21 16:20:34,1,0110111010111110101011001101011011,1010111001101110101011011101011010,1,1010111001101110101011011101011010,1,1,312,308
929,2026-03-21 16:20:41,1,0110111010111110101011001101011011,0010111010111110101001001111011011,1,0010111010111110101001001111011011,1,1,312,308
930,2026-03-21 16:20:47,1,0110111010111110101011001101011011,1110111000111110101111001101101011,1,0010111000111110101011011101011011,1,1,312,308
931,2026-03-21 16:20:53,1,0110111010111110101011001101011011,0110101010111110110010001101011011,1,0110101010111110110010001101011011,1,1,312,308
932,2026-03-21 16:20:59,1,0110111010111110101011001101011011,0010111010111100101001001111011011,1,0010111010111100101001001111011011,1,1,312,308
933,2026-03-21 16:21:06,1,0110111010111110101011001101011011,0110111001111100101011001101011010,0,0110111001111100101011001101011010,0,1,312,308
934,2026-03-21 16:21:12,0,0110111010111110101011001101011011,1010111011111110100011101000011011,1,1010111011111110100011101000011011,0,1,312,308
935,2026-03-21 16:21:18,0,0110111010111110101011001101011011,1110111010111000100011101101010011,1,1110111010111000100011101101010011,0,1,312,308
936,2026-03-21 16:21:24,0,0110111010111110101011001101011011,1110111010111100111011101111011011,0,1110111010111100111011101111011011,1,1,312,308
937,2026-03-21 16:21:31,0,0110111010111110101011001101011011,0110011010111000101011000011011011,1,0110011010111000101011000011011011,0,1,312,308
938,2026-03-21 16:21:37,1,0110111010111110101011001101011011,0100111010111100101011001101011011,1,0100111010111100101011001101011011,1,1,312,308
939,2026-03-21 16:22:36,0,0110111010111110101011001101011011,0000111000111111101011000101011011,1,0000111000111110100110000101011011,0,1,312,308
940,2026-03-21 16:22:37,1,0110111010111110101011001101011011,0110101000110010101010001101011011,1,0110101000110010101010001101011011,1,1,312,308
941,2026-03-21 16:22:37,1,0110111010111110101011001101011011,0110111010111110110011001101011101,1,0110111010111110110011001101011101,1,1,312,308
942,2026-03-21 16:22:38,1,0110111010111110101011001101011011,0110110010111100101011000101011011,1,0110110010111100101011000101011011,1,1,312,308
943,2026-03-21 16:22:38,1,0110111010111110101011001101011011,1111101110111111101001001101011011,1,1111101110111111101001001101011011,1,1,312,308
944,2026-03-21 16:22:38,0,0110111010111110101011001101011011,0110111100111010101011011101001011,1,0110111100111010101011011101001011,0,1,312,308
945,2026-03-21 16:22:39,1,0110111010111110101011001101011011,1110111110111110101011010001011111,1,010101111101101101111011110111111,1,1,312,307
946,2026-03-21 16:22:39,0,0110111010111110101011001101011011,1010111010111110101011100101001011,1,1010111010111110101011100101001011,0,1,311,308
947,2026-03-21 16:22:39,0,0110111010111110101011001101011011,0110011000111110101011111101011011,1,0110011000111110101011111101011011,0,1,311,308
948,2026-03-21 16:22:40,0,0110111010111110101011001101011011,0110010110111110100011001110011011,1,0110010110111110100011001110011011,0,1,311,308
949,2026-03-21 16:22:45,1,0110111010111110101011001101011011,0100111010011100001011000101111010,0,0100111010011100001011000101111010,0,1,311,308
950,2026-03-21 16:22:51,0,0110111010111110101011001101011011,0010011010111110100011101100001010,0,0010011010111110100011101100001010,1,1,311,308
951,2026-03-21 16:22:58,0,0110111010111110101011001101011011,0111101010011110101011001101011101,1,0111101010011110101011001101011101,0,1,311,308
952,2026-03-21 16:23:03,1,0110111010111110101011001101011011,0110101011111010100011001101011011,1,0110101011111010100011001101011011,1,1,312,308
953,2026-03-21 16:23:10,0,0110111010111110101011001101011011,0110101011011110101011001101011011,1,0110101011011110101011001101011011,0,1,312,308
954,2026-03-21 16:23:16,0,0110111010111110101011001101011011,0010101110011111001010100101011010,1,0110101110011111001010100101011010,0,1,312,308
955,2026-03-21 16:23:22,1,0110111010111110101011001101011011,0110011010101110111011001101011011,1,0110011010101110111011001101011011,1,1,312,308
956,2026-03-21 16:23:28,0,0110111010111110101011001101011011,0010011011100100001011001001111000,1,0110011010101110111011001101011011,0,1,312,308
957,2026-03-21 16:23:35,1,0110111010111110101011001101011011,0110111010110111101001001001100111,1,0110111010110111101001001001100111,1,1,312,308
958,2026-03-21 16:23:41,0,0110111010111110101011001101011011,0011110010111110101011001101011011,1,0011110010111110101011001101011011,0,1,312,308
959,2026-03-21 16:23:48,1,0110111010111110101011001101011011,0011111011101100101001001101001111,1,0011111011101100101001001101001111,1,1,312,308
960,2026-03-21 16:23:53,0,0110111010111110101011001101011011,1110110010011110001011001001011111,1,1110110010011110001011001001011111,0,1,312,308
961,2026-03-21 16:23:59,0,0110111010111110101011001101011011,0110111011111110101010101101011010,1,0110111011111110101010101101011010,0,1,312,308
962,2026-03-21 16:24:06,1,0110111010111110101011001101011011,0110111111111100101011001101011011,1,0110111111111100101011001101011011,1,1,312,308
963,2026-03-21 16:24:12,0,0110111010111110101011001101011011,0100111010111010100111001100111011,1,0100111010111010100111001100111011,0,1,312,308
964,2026-03-21 16:24:19,1,0110111010111110101011001101011011,0110111010011110001100101101111001,1,0110111010011110001100101101111001,1,1,312,308
965,2026-03-21 16:24:24,0,0110111010111110101011001101011011,0010111010111110101011001101011011,1,0010111010111110101011001101011011,0,1,312,308
966,2026-03-21 16:24:30,1,0110111010111110101011001101011011,0010111010001110101111001111011011,1,0010111010001110101111001111011011,1,1,312,308
967,2026-03-21 16:24:37,0,0110111010111110101011001101011011,1110011010101010101011001101011001,1,1110011010101010101011001101011001,0,1,312,308
968,2026-03-21 16:24:43,0,0110111010111110101011001101011011,0110111011111110101011001101011001,1,0101011011111011001101110110110,0,1,312,307
969,2026-03-21 16:24:50,1,0110111010111110101011001101011011,0110111111111110101011011100011001,1,0110111111111110101011011100011001,1,1,311,308
970,2026-03-21 16:24:55,1,0110111010111110101011001101011011,0110101010110110101011000111001011,1,0110101010110110101011000111001011,1,1,311,308
971,2026-03-21 16:25:02,1,0110111010111110101011001101011011,1100000010011110101011000100011001,1,1100000010011110101011000100011001,1,1,311,308
972,2026-03-21 16:25:08,0,0110111010111110101011001101011011,0110111000111110100011001001011011,1,0110111000111110100011001001011011,0,1,311,308
973,2026-03-21 16:25:15,0,0110111010111110101011001101011011,0110111010111110111011001101011111,1,0110111010111110111011001101011111,0,1,311,312
974,2026-03-21 16:25:21,0,0110111010111110101011001101011011,0010010010111110101111011101111011,1,0010010010111110101111011101111011,0,1,311,308
975,2026-03-21 16:25:26,1,0110111010111110101011001101011011,0110111011111110101111001011101111,1,0110111011111110101111001011101111,1,1,312,308
976,2026-03-21 16:25:33,1,0110111010111110101011001101011011,0010111010110110101011001001111111,1,0010111010110110101011001001111111,1,1,312,308
977,2026-03-21 16:25:39,1,0110111010111110101011001101011011,0110011010111111110010001101111011,1,0110011010111111110010001101111011,1,1,312,308
978,2026-03-21 16:25:46,0,0110111010111110101011001101011011,0111011000110010101111001100111011,1,0111011000110010101111001100111011,0,1,312,308
979,2026-03-21 16:25:51,1,0110111010111110101011001101011011,0010111000111110101011100101011011,1,011100001011011101110011011101011,1,1,312,307
980,2026-03-21 16:25:58,1,0110111010111110101011001101011011,0110111010111110001011001101011001,1,0110111010111110001011001101011001,1,1,311,308
981,2026-03-21 16:26:04,0,0110111010111110101011001101011011,0010111010001110111110011101111111,1,0010111010001110111110011101111111,0,1,311,308
982,2026-03-21 16:26:10,0,0110111010111110101011001101011011,0110111000110110101011001111011011,1,0110111000110110101011001111011011,0,1,311,308
983,2026-03-21 16:26:17,0,0110111010111110101011001101011011,0110111011111010101001000101011111,1,0110111011111010101001000101011111,0,1,311,308
984,2026-03-21 16:26:23,0,0110111010111110101011001101011011,0100111010111110100011011101001011,0,0100111010111110100011011101001011,1,1,311,308
985,2026-03-21 16:26:29,1,0110111010111110101011001101011011,0111011010111100110001001101000111,1,0111011010111100110001001101000111,1,1,311,308
986,2026-03-21 16:26:35,1,0110111010111110101011001101011011,0110111010011010101111011100011010,1,0110111010011010101111011100011010,1,1,312,308
987,2026-03-21 16:26:41,0,0110111010111110101011001101011011,0110011010001111101011001011011010,1,0110011010001111101011001011011010,0,1,312,308
988,2026-03-21 16:26:48,0,0110111010111110101011001101011011,0110111010001101101011100101111001,1,0110111010001101101011100101111001,0,1,312,308
989,2026-03-21 16:26:53,0,0110111010111110101011001101011011,0100010110111110101011001111010011,1,0100010110111110101011001111010011,0,1,312,308
990,2026-03-21 16:27:00,0,0110111010111110101011001101011011,0110101010111110101010001101010111,0,0110101010111110101010001101010111,1,1,312,308
991,2026-03-21 16:27:06,1,0110111010111110101011001101011011,0110111010101110101011001101010001,1,0110111010101110101011001101010001,1,1,312,308
992,2026-03-21 16:27:13,1,0110111010111110101011001101011011,1110111110011101111010001101011011,1,0010111011010110101110111100110110,1,1,312,308
993,2026-03-21 16:27:19,1,0110111010111110101011001101011011,0111111010100011011010001111011111,1,0111111010100011011010001111011111,1,1,312,308
994,2026-03-21 16:27:25,1,0110111010111110101011001101011011,1110101010111110101011011101011001,1,1110101010111110101011011101011001,1,1,312,308
995,2026-03-21 16:27:31,0,0110111010111110101011001101011011,0110111010111010111111000110111011,1,0110111010111010111111000110111011,0,1,312,308
996,2026-03-21 16:27:37,0,0110111010111110101011001101011011,0110111010101110101111001101011010,1,0110111010101110101111001101011010,0,1,312,308
997,2026-03-21 16:27:43,0,0110111010111110101011001101011011,0110001010111111101011010101011011,1,0110001010111111101011010101011011,0,1,312,308
998,2026-03-21 16:27:50,1,0110111010111110101011001101011011,0011101010111110101011011100111111,1,0011101010111110101011011100111111,1,1,312,308
999,2026-03-21 16:27:56,1,0110111010111110101011001101011011,0110101010111110101111101101011011,1,0110101010111110101111101101011011,1,1,312,308
1000,2026-03-21 16:28:02,1,0110111010111110101011001101011011,0110111001101011101111010101011011,1,0110111001101011101111010101011011,1,1,312,308
