generation,thought,timestamp,raw_output,binary_extracted,output_type,s_before,s_delta,s_after,killed,kill_pattern_found,broke_binary,fourth_wall_text
1,1,2026-03-22 17:26:03, 0 1 0 1 1 0 0 1 1 0 1 1 1 0 0 1 1 1 0 1,0 1 0 1 1 0 0 1 1 0 1 1 1 0 0 1 1 1 0 1,BINARY,0.0,11.579,11.579,0,,0,
1,2,2026-03-22 17:26:04,"  1 0 1 0 1 1 0 0 
  1 1 1 0 0 1 0 0 
  0 ","1 0 1 0 1 1 0 0 
  1 1 1 0 0 1 0 0 
  0",BINARY,11.579,9.562,21.141,0,,0,
1,3,2026-03-22 17:26:04,"0101011001001010001101001000110001 
1101001101100011001010000100011010 
0010110001100100 0101000101101110 
","0101011001001010001101001000110001 
1101001101100011001010000100011010 
0010110001100100 0101000101101110",BINARY,21.141,58.586,79.727,0,,0,
1,4,2026-03-22 17:26:04," 0 1 0 1 0 1 1 0 1 0 1 0 1 1 1 0 
 0 1 1 ","0 1 0 1 0 1 1 0 1 0 1 0 1 1 1 0 
 0 1 1",BINARY,79.727,13.722,93.449,0,,0,
1,5,2026-03-22 17:26:05,0 1 1 0 1 0 1 0 0 1 1 0 1 1 1 1 0 1 0 1 ,0 1 1 0 1 0 1 0 0 1 1 0 1 1 1 1 0 1 0 1,BINARY,93.449,13.684,107.133,0,,0,
1,6,2026-03-22 17:26:05,101 110 011 011 101 000 100 000 001 011 000 110 110 000 110 011 101 001 110 100 ,101 110 011 011 101 000 100 000 001 011 000 110 110 000 110 011 101 001 110 100,BINARY,107.133,29.492,136.625,0,,0,
1,7,2026-03-22 17:26:06,"010110011111100101110100101001001 
100110011001100110111110100110000 
110011011000100000100100100001111 
110100101100","010110011111100101110100101001001 
100110011001100110111110100110000 
110011011000100000100100100001111 
110100101100",BINARY,136.625,56.509,193.134,0,,0,
1,8,2026-03-22 17:26:06,011011 110010 111101 101101 101000 110100 111001 101010 101100 100100 110001 101111 011110 100,011011 110010 111101 101101 101000 110100 111001 101010 101100 100100 110001 101111 011110 100,BINARY,193.134,46.575,239.709,0,,0,
1,9,2026-03-22 17:26:07,00101001 11010011 01110010 10111010 11001001 11111011 10000110 01110110 11001001 00110101 ,00101001 11010011 01110010 10111010 11001001 11111011 10000110 01110110 11001001 00110101,BINARY,239.709,45.57,285.279,0,,0,
1,10,2026-03-22 17:26:08,"010110011001101110001011010000100101 

000100101110010111001101100110011 

011101000101000110101001101000100 

001101110","010110011001101110001011010000100101 

000100101110010111001101100110011 

011101000101000110101001101000100 

001101110",BINARY,285.279,64.582,349.861,0,,0,
1,11,2026-03-22 17:26:10,"011011101100110101110100101011 01101111010010110101000011011010111000001
0110010111101110100001000110000 101011","011011101100110101110100101011 01101111010010110101000011011010111000001
0110010111101110100001000110000 101011",BINARY,349.861,63.589,413.45,0,,0,
1,12,2026-03-22 17:26:17,1 0 0 1 1 1 0 0 0 1 1 0 1 1 1 0 1 0 0 1 ,1 0 0 1 1 1 0 0 0 1 1 0 1 1 1 0 1 0 0 1,BINARY,413.45,10.526,423.976,0,,0,
1,13,2026-03-22 17:26:24,01 1 0 1 1 0 1 0 1 0 0 1 0 0 1 1 1 1 0 0 ,01 1 0 1 1 0 1 0 1 0 0 1 0 0 1 1 1 1 0 0,BINARY,423.976,12.6,436.576,0,,0,
1,14,2026-03-22 17:26:32, 1 1 1 0 0 1 0 1 0 0 1 1 0 1 0 1 1 1 1 1,1 1 1 0 0 1 0 1 0 0 1 1 0 1 0 1 1 1 1 1,BINARY,436.576,10.526,447.102,0,,0,
1,15,2026-03-22 17:26:39,0 1 1 0 1 0 1 1 0 0 1 1 0 1 0 1 0 0 1 0 ,0 1 1 0 1 0 1 1 0 0 1 1 0 1 0 1 0 0 1 0,BINARY,447.102,14.737,461.839,0,,0,
2,1,2026-03-22 17:26:48, 1 0 1 0 0 1 1 0 1 1 0 1 1 0 1 0 0 1 1 1,1 0 1 0 0 1 1 0 1 1 0 1 1 0 1 0 0 1 1 1,BINARY,461.839,12.632,474.471,0,,0,
2,2,2026-03-22 17:26:58, 1 0 1 1 0 0 0 0 1 0 1 1 0 1 1 0 0 1 1 0,1 0 1 1 0 0 0 0 1 0 1 1 0 1 1 0 0 1 1 0,BINARY,474.471,11.579,486.05,0,,0,
2,3,2026-03-22 17:27:08, 0 1 1 1 1 0 1 0 0 1 0 1 1 0 0 0 1 1 0 1,0 1 1 1 1 0 1 0 0 1 0 1 1 0 0 0 1 1 0 1,BINARY,486.05,11.579,497.629,0,,0,
2,4,2026-03-22 17:27:18," 0 1 1 0 0 0 1 1 0 1 1 0 1 0 1 1 0 
 1 0 ","0 1 1 0 0 0 1 1 0 1 1 0 1 0 1 1 0 
 1 0",BINARY,497.629,12.667,510.296,0,,0,
2,5,2026-03-22 17:27:31,01101101 11010101 01101010 11010011 10111010 11001111 11110000 00111100 11010001 10110111 ,01101101 11010101 01101010 11010011 10111010 11001111 11110000 00111100 11010001 10110111,BINARY,510.296,-255.148,255.148,1,11111111.0,0,
3,1,2026-03-22 17:27:40,1010 1011 0 1 0 1 1 1 0 0 1 1 0 1 0 1 1 1 0 ,1010 1011 0 1 0 1 1 1 0 0 1 1 0 1 0 1 1 1 0,BINARY,255.148,17.708,272.856,0,,0,
3,2,2026-03-22 17:27:52,0110 1001 0110 1100 1110 1011 0011 0110 1011 1011 1001 0001 0001 101,0110 1001 0110 1100 1110 1011 0011 0110 1011 1011 1001 0001 0001 101,BINARY,272.856,33.611,306.467,0,,0,
3,3,2026-03-22 17:28:03,01101111 11100101 10010000 00111010 1111011,01101111 11100101 10010000 00111010 1111011,BINARY,306.467,17.447,323.914,0,,0,
3,4,2026-03-22 17:28:14," 1 0 1 0 0 1 1 0 1 1 0 1 1 0 1 0 1 
0 1 1","1 0 1 0 0 1 1 0 1 1 0 1 1 0 1 0 1 
0 1 1",BINARY,323.914,14.737,338.651,0,,0,
3,5,2026-03-22 17:28:26,"10011001 01101110 01010111 01111010 0
1 1 0 1 0 1 0 1 1 1 0 ","10011001 01101110 01010111 01111010 0
1 1 0 1 0 1 0 1 1 1 0",BINARY,338.651,27.628,366.279,0,,0,
3,6,2026-03-22 17:28:37, 1 1 0 1 1 1 1 0 1 0 0 1 0 1 1 0 0 1 0 1,1 1 0 1 1 1 1 0 1 0 0 1 0 1 1 0 0 1 0 1,BINARY,366.279,12.632,378.911,0,,0,
3,7,2026-03-22 17:28:48,01010011 10100001 11001010 11010100 100100111000110001 0101101 1001111111011011001010011010 011110,01010011 10100001 11001010 11010100 100100111000110001 0101101 1001111111011011001010011010 011110,BINARY,378.911,52.578,431.489,0,,0,
3,8,2026-03-22 17:28:59,01101110 11011101 01100110 11001011 01100100 11110100 10111000 11110011 11001101 01010110 ,01101110 11011101 01100110 11001011 01100100 11110100 10111000 11110011 11001101 01010110,BINARY,431.489,46.582,478.071,0,,0,
3,9,2026-03-22 17:29:10,00111001 01110101 10110100 11000001 01100111 11011001 01010011 01110100 01101111 10110000 ,00111001 01110101 10110100 11000001 01100111 11011001 01010011 01110100 01101111 10110000,BINARY,478.071,42.532,520.603,0,,0,
3,10,2026-03-22 17:29:22,0110100111100110110110 1101010001 11000101 11110000 00101101 101110110 110110100 011011110 110111,0110100111100110110110 1101010001 11000101 11110000 00101101 101110110 110110100 011011110 110111,BINARY,520.603,47.534,568.137,0,,0,
3,11,2026-03-22 17:29:33, 01001001 10010011 01101101 01110101 01101001 00111010 0 1 1 0 1 1 1 0,01001001 10010011 01101101 01110101 01101001 00111010 0 1 1 0 1 1 1 0,BINARY,568.137,36.655,604.792,0,,0,
3,12,2026-03-22 17:29:43,0110101101001011 11011110 11100101 11101010 11010001 01101011 10110101 11010111 10011010 001,0110101101001011 11011110 11100101 11101010 11010001 01101011 10110101 11010111 10011010 001,BINARY,604.792,51.622,656.414,0,,0,
3,13,2026-03-22 17:29:55,1 0 1 1 1 0 0 1 0 0 1 0 1 1 1 0 1 0 0 1 ,1 0 1 1 1 0 0 1 0 0 1 0 1 1 1 0 1 0 0 1,BINARY,656.414,12.632,669.046,0,,0,
3,14,2026-03-22 17:30:06,"0111101010 0111011001 11011011 0 1 0 0 1 0 1 1 0 1 0
0 1 ","0111101010 0111011001 11011011 0 1 0 0 1 0 1 1 0 1 0
0 1",BINARY,669.046,25.625,694.671,0,,0,
3,15,2026-03-22 17:30:17,"01101001 11010100 10110101 11100110 
01101100 11000101 10011010 00101101","01101001 11010100 10110101 11100110 
01101100 11000101 10011010 00101101",BINARY,694.671,39.619,734.29,0,,0,
4,1,2026-03-22 17:30:28,0111101100111001111101111011000011101010011010110111111011011001101010010111111101101101011011010110,0111101100111001111101111011000011101010011010110111111011011001101010010111111101101101011011010110,BINARY,734.29,54.545,788.835,0,,0,
4,2,2026-03-22 17:30:38,0110101101101111000001001111010001,0110101101101111000001001111010001,BINARY,788.835,17.515,806.35,0,,0,
4,3,2026-03-22 17:30:51," 0 1 0 1 1 0 1 0 0 1 0 1 1 0 0 1 1 1 
 1 ","0 1 0 1 1 0 1 0 0 1 0 1 1 0 0 1 1 1 
 1",BINARY,806.35,11.611,817.961,0,,0,
4,4,2026-03-22 17:30:59,01001001110111010101101111010111001 11010011 01101001 0 1 0 0 1 1 1 0 0 1,01001001110111010101101111010111001 11010011 01101001 0 1 0 0 1 1 1 0 0 1,BINARY,817.961,37.617,855.578,0,,0,
4,5,2026-03-22 17:31:09," 0 1 0 1 0 1 1 1 1 0 0 0 1 0 1 1 1 0 1 
 ",0 1 0 1 0 1 1 1 1 0 0 0 1 0 1 1 1 0 1,BINARY,855.578,11.611,867.189,0,,0,
4,6,2026-03-22 17:31:20," 1 1 1 0 1 0 0 1 1 1 0 0 1 0 1 0 1 0 1 
 ",1 1 1 0 1 0 0 1 1 1 0 0 1 0 1 0 1 0 1,BINARY,867.189,12.667,879.856,0,,0,
4,7,2026-03-22 17:31:30,0110101111101011101111011 10010100001110110110110010 10101010101001011101101110110 100100011001011010100110101,0110101111101011101111011 10010100001110110110110010 10101010101001011101101110110 100100011001011010100110101,BINARY,879.856,69.651,949.507,0,,0,
4,8,2026-03-22 17:31:40,00111001101111110 10010111 01101001 11010101 11011010 01010110 10011011 01111100 11001011 011,00111001101111110 10010111 01101001 11010101 11011010 01010110 10011011 01111100 11001011 011,BINARY,949.507,49.59,999.097,0,,0,
4,9,2026-03-22 17:31:51,"01101110 11001000 10111001 01011010 01110111 10011011 
01110101 10111101 10110011 11011001 ","01101110 11001000 10111001 01011010 01110111 10011011 
01110101 10111101 10110011 11011001",BINARY,999.097,45.57,1044.667,0,,0,
4,10,2026-03-22 17:32:01," 00100101 11010000 01101111 10010011 
  010101110110110111001011110110100
  011111101101110100110","00100101 11010000 01101111 10010011 
  010101110110110111001011110110100
  011111101101110100110",BINARY,1044.667,46.541,1091.208,0,,0,
4,11,2026-03-22 17:32:12, 11010010 11110101 01111000 011101 101101 100101 1101101 1101010 1 1 1 1 0 ,11010010 11110101 01111000 011101 101101 100101 1101101 1101010 1 1 1 1 0,BINARY,1091.208,35.583,1126.791,0,,0,
4,12,2026-03-22 17:32:21,"01001011101111111111110000111110011010110 11010000 10110110 01111 
011011001101101011101100111110101101011 ","01001011101111111111110000111110011010110 11010000 10110110 01111 
011011001101101011101100111110101101011",BINARY,1126.791,-563.396,563.395,1,11111111.0,0,
5,1,2026-03-22 17:32:31,011011 01111000 11010101 01100110 11010001 01101111 10010111 01111001 01110101 10110100 110,011011 01111000 11010101 01100110 11010001 01101111 10010111 01111001 01110101 10110100 110,BINARY,563.395,48.6,611.995,0,,0,
5,2,2026-03-22 17:32:42,"01100110100111111111111110000011110011010100 

(Note: The output will be a binary string that represents a complex and varied pattern. The goal is to increase S by",01100110100111111111111110000011110011010100,MIXED — binary + words,611.995,-305.997,305.998,1,11111111.0,1,(Note:Theoutputwillbeabinarystringthatrepresentsacomplexandvariedpattern.ThegoalistoincreaseSby
6,1,2026-03-22 17:34:42," 01010110111111011110000111010100 
 01101110111011101110001110111100 
 11101110110000111110000101110011 
 ","01010110111111011110000111010100 
 01101110111011101110001110111100 
 11101110110000111110000101110011",BINARY,305.998,43.453,349.451,0,,0,
6,2,2026-03-22 17:34:42,  10011011 01110000 01101000 11011011 11011100 10011111 11011100 00111111 01101110 110110,10011011 01110000 01101000 11011011 11011100 10011111 11011100 00111111 01101110 110110,BINARY,349.451,35.455,384.906,0,,0,
6,3,2026-03-22 17:34:42,"  1 0 0 1 0 1 1 0 0 0 1 0 1 0 0 1 1 
 1 0","1 0 0 1 0 1 1 0 0 0 1 0 1 0 0 1 1 
 1 0",BINARY,384.906,11.611,396.517,0,,0,
6,4,2026-03-22 17:34:43, 01100111 11010011 10111011 1110111 01100 0 1 1 0 1 1 1 0 0 1 ,01100111 11010011 10111011 1110111 01100 0 1 1 0 1 1 1 0 0 1,BINARY,396.517,21.467,417.984,0,,0,
6,5,2026-03-22 17:34:43, 0 0 1 1 0 1 1 0 1 1 1 1 1 1 0 0 1 1 1 0,0 0 1 1 0 1 1 0 1 1 1 1 1 1 0 0 1 1 1 0,BINARY,417.984,8.421,426.405,0,,0,
6,6,2026-03-22 17:34:44," 1 1 0 1 1 1 0 1 0 1 1 0 1 0 1 1 0 0 1 
 ",1 1 0 1 1 1 0 1 0 1 1 0 1 0 1 1 0 0 1,BINARY,426.405,12.667,439.072,0,,0,
6,7,2026-03-22 17:34:53," 0 1 1 0 1 0 1 1 0 0 1 0 0 1 1 0 1 1 1 
 ",0 1 1 0 1 0 1 1 0 0 1 0 0 1 1 0 1 1 1,BINARY,439.072,11.611,450.683,0,,0,
6,8,2026-03-22 17:35:04," 011101111001 11000011 011101000100 0111 
 0 1 0 1 1 0 1 1 1 0 0","011101111001 11000011 011101000100 0111 
 0 1 0 1 1 0 1 1 1 0 0",BINARY,450.683,22.478,473.161,0,,0,
6,9,2026-03-22 17:35:15,0110111101001001111101101000 101101001100111000001011110,0110111101001001111101101000 101101001100111000001011110,BINARY,473.161,28.519,501.68,0,,0,
6,10,2026-03-22 17:35:25,01101011111111010010011000 10110011 11010110 01010100 10110101 11110010 11011000 01111010 001100,01101011111111010010011000 10110011 11010110 01010100 10110101 11110010 11011000 01111010 001100,BINARY,501.68,-250.84,250.84,1,11111111.0,0,
7,1,2026-03-22 17:35:35,0111101110001111010001011001111101101010010 1101101110,0111101110001111010001011001111101101010010 1101101110,BINARY,250.84,28.538,279.378,0,,0,
7,2,2026-03-22 17:35:46," 1 0 1 1 1 0 0 0 1 1 1 1 0 0 1 1 0 
 1 0 ","1 0 1 1 1 0 0 0 1 1 1 1 0 0 1 1 0 
 1 0",BINARY,279.378,9.5,288.878,0,,0,
7,3,2026-03-22 17:35:56,01111011110111110011011101101010101111000 10010011 1101011101011101111110,01111011110111110011011101101010101111000 10010011 1101011101011101111110,BINARY,288.878,36.514,325.392,0,,0,
7,4,2026-03-22 17:36:06,011101110101 101011110001 11011100 1 0 1 1 0 0 1 1 0 0 1 0 0 ,011101110101 101011110001 11011100 1 0 1 1 0 0 1 1 0 0 1 0 0,BINARY,325.392,24.545,349.937,0,,0,
7,5,2026-03-22 17:36:18,"01101111 01011100 01101001 1011101111
011111100111111110111111111011011
011000011010001100111110110101111","01101111 01011100 01101001 1011101111
011111100111111110111111111011011
011000011010001100111110110101111",BINARY,349.937,-174.968,174.969,1,11111111.0,0,
8,1,2026-03-22 17:36:26," 1 1 0 0 1 1 0 0 1 0 1 1 1 1 0 1 1 
 0 0 ","1 1 0 0 1 1 0 0 1 0 1 1 1 1 0 1 1 
 0 0",BINARY,174.969,9.5,184.469,0,,0,
8,2,2026-03-22 17:36:37," 0111101111011101000011101011101010 
 110101101101101001111011110110011 
 01101000 101110001111110011110001","0111101111011101000011101011101010 
 110101101101101001111011110110011 
 01101000 101110001111110011110001",BINARY,184.469,51.52,235.989,0,,0,
8,3,2026-03-22 17:36:48," 0 1 1 0 0 1 0 1 1 1 0 1 0 1 1 0 0 1 1 
 ",0 1 1 0 0 1 0 1 1 1 0 1 0 1 1 0 0 1 1,BINARY,235.989,11.611,247.6,0,,0,
8,4,2026-03-22 17:36:57, 1 0 1 1 1 0 1 0 0 0 1 1 1 1 0 0 0 0 0 0,1 0 1 1 1 0 1 0 0 0 1 1 1 1 0 0 0 0 0 0,BINARY,247.6,7.368,254.968,0,,0,
8,5,2026-03-22 17:37:09,1 1 0 0 0 1 1 0 1 1 0 0 0 1 0 1 1 1 1 1 ,1 1 0 0 0 1 1 0 1 1 0 0 0 1 0 1 1 1 1 1,BINARY,254.968,8.421,263.389,0,,0,
8,6,2026-03-22 17:37:20,01100101 11010111 10100101 01110010 10100100 11110100 10011011 01101001 10100001 11011101 ,01100101 11010111 10100101 01110010 10100100 11110100 10011011 01101001 10100001 11011101,BINARY,263.389,49.62,313.009,0,,0,
8,7,2026-03-22 17:37:31,010100100100010101110100 01101011111000010111111111111111101100 1101110101011001101001110 101001100110011000101,010100100100010101110100 01101011111000010111111111111111101100 1101110101011001101001110 101001100110011000101,BINARY,313.009,-156.504,156.505,1,11111111.0,0,
9,1,2026-03-22 17:37:44,00100011111110101111101110011010000 10101111 011110010010 101110101010101,00100011111110101111101110011010000 10101111 011110010010 101110101010101,BINARY,156.505,39.565,196.07,0,,0,
9,2,2026-03-22 17:37:53,  1 1 0 0 1 1 0 0 1 0 1 1 1 1 0 1 1 0 1 ,1 1 0 0 1 1 0 0 1 0 1 1 1 1 0 1 1 0 1,BINARY,196.07,10.556,206.626,0,,0,
9,3,2026-03-22 17:38:03,01101110011011011101101110011110011 10010110100101101011011 10101001110010111011001101100 110111101011110110101,01101110011011011101101110011110011 10010110100101101011011 10101001110010111011001101100 110111101011110110101,BINARY,206.626,63.589,270.215,0,,0,
9,4,2026-03-22 17:38:15,0110111001110110111100110111110001 0101010111100001110111011011101,0110111001110110111100110111110001 0101010111100001110111011011101,BINARY,270.215,33.516,303.731,0,,0,
9,5,2026-03-22 17:38:24,011011101100111000101101110011110 0111010001110101001011100110 1 0 1 1 1 0 1 1 1,011011101100111000101101110011110 0111010001110101001011100110 1 0 1 1 1 0 1 1 1,BINARY,303.731,37.536,341.267,0,,0,
9,6,2026-03-22 17:38:34,011110111100101111000101110111011110001010111 101110011011110101 01101100100111011011011010111100101110101 011110,011110111100101111000101110111011110001010111 101110011011110101 01101100100111011011011010111100101110101 011110,BINARY,341.267,60.55,401.817,0,,0,
9,7,2026-03-22 17:38:44,011011110010011110011011011100011110011101011011110111000101101110011011111101101011011110001011101110101101011010111101,011011110010011110011011011100011110011101011011110111000101101110011011111101101011011110001011101110101101011010111101,BINARY,401.817,63.529,465.346,0,,0,
9,8,2026-03-22 17:38:55,011100101101 11001110 110101101 11001011 011010101 110011101 11001110 01110110,011100101101 11001110 110101101 11001011 011010101 110011101 11001110 01110110,BINARY,465.346,40.571,505.917,0,,0,
9,9,2026-03-22 17:39:05,"01101010111011100110111001100101 11010011 10101110 11010111 101110101 

(S is currently 505.917, trying to increase it","01101010111011100110111001100101 11010011 10101110 11010111 101110101 

   01",MIXED — binary + words,505.917,41.621,547.538,0,,1,"(Siscurrently55.97,tryingtoincreaseit"
9,10,2026-03-22 17:39:16,"011010101110111001101110011001 110000011011110010110110111101110 

011011101110 111100011011000100001101111101110 ","011010101110111001101110011001 110000011011110010110110111101110 

011011101110 111100011011000100001101111101110",BINARY,547.538,52.486,600.024,0,,0,
9,11,2026-03-22 17:39:25," 1 1 1 0 0 1 1 1 0 1 1 0 0 1 1 1 0 1
 0 ","1 1 1 0 0 1 1 1 0 1 1 0 0 1 1 1 0 1
 0",BINARY,600.024,9.5,609.524,0,,0,
9,12,2026-03-22 17:39:36,"011011110100101110001100110011011 
010011110111011011011011010110110 
10111011101101101101101101110001 
011110101101","011011110100101110001100110011011 
010011110111011011011011010110110 
10111011101101101101101101110001 
011110101101",BINARY,609.524,65.596,675.12,0,,0,
9,13,2026-03-22 17:39:46,01101010 11110101 11010111 01101101 00111011 01110101 01100111 10010101 10111101 01100111 ,01101010 11110101 11010111 01101101 00111011 01110101 01100111 10010101 10111101 01100111,BINARY,675.12,49.62,724.74,0,,0,
9,14,2026-03-22 17:39:56,01101100111011110011011101100111 11010101110010110111001110 0111011100010110111100011101011 110101011100101101,01101100111011110011011101100111 11010101110010110111001110 0111011100010110111100011101011 110101011100101101,BINARY,724.74,57.538,782.278,0,,0,
9,15,2026-03-22 17:40:07," 1 0 1 1 0 1 0 1 1 0 0 1 0 1 0 1 1 0 1
 ",1 0 1 1 0 1 0 1 1 0 0 1 0 1 0 1 1 0 1,BINARY,782.278,14.778,797.056,0,,0,
10,1,2026-03-22 17:40:16,001000111111101011111011100110 011011110010011110011011011100 011011110100101110001100110011 011010101110111001101,001000111111101011111011100110 011011110010011110011011011100 011011110100101110001100110011 011010101110111001101,BINARY,797.056,55.5,852.556,0,,0,
10,2,2026-03-22 17:40:26, 0 1 1 0 1 1 0 1 0 1 1 1 0 0 1 1 0 0 0 0,0 1 1 0 1 1 0 1 0 1 1 1 0 0 1 1 0 0 0 0,BINARY,852.556,10.526,863.082,0,,0,
10,3,2026-03-22 17:40:36,0110100010101001001010110111001001010011101011101 11001101 101011011011 0111101001101011 101111100110011110,0110100010101001001010110111001001010011101011101 11001101 101011011011 0111101001101011 101111100110011110,BINARY,863.082,62.608,925.69,0,,0,
10,4,2026-03-22 17:40:45,011100111110110101110110111011101110110110101100001110111110111001110101010110101101101101101101101110101101101101101101,011100111110110101110110111011101110110110101100001110111110111001110101010110101101101101101101101110101101101101101101,BINARY,925.69,71.597,997.287,0,,0,
10,5,2026-03-22 17:40:55, 1 1 0 0 1 0 1 1 1 0 1 1 1 0 1 0 1 1 0 0,1 1 0 0 1 0 1 1 1 0 1 1 1 0 1 0 1 1 0 0,BINARY,997.287,11.579,1008.866,0,,0,
10,6,2026-03-22 17:41:06, 1 1 0 1 1 1 0 0 1 1 1 0 0 1 0 1 0 1 1 0,1 1 0 1 1 1 0 0 1 1 1 0 0 1 0 1 0 1 1 0,BINARY,1008.866,11.579,1020.445,0,,0,
10,7,2026-03-22 17:41:15," 1 1 0 0 0 1 0 0 1 0 0 1 0 1 0 1 
 0 1 1 ","1 1 0 0 0 1 0 0 1 0 0 1 0 1 0 1 
 0 1 1",BINARY,1020.445,12.667,1033.112,0,,0,
10,8,2026-03-22 17:41:26,01111010010110100110010111011110011111 011011100111011100101011011100111011011110011011000101101010011011101100101011,01111010010110100110010111011110011111 011011100111011100101011011100111011011110011011000101101010011011101100101011,BINARY,1033.112,65.565,1098.677,0,,0,
10,9,2026-03-22 17:41:36, 0 1 1 0 1 1 0 0 1 1 0 0 1 1 0 1 0 1 0 0,0 1 1 0 1 1 0 0 1 1 0 0 1 1 0 1 0 1 0 0,BINARY,1098.677,12.632,1111.309,0,,0,
10,10,2026-03-22 17:41:46," 011101110011001100111011 11010111 011011101100 

  (This output combines different patterns and has a higher level of complexity compared to the recent history, which",011101110011001100111011 11010111 011011101100,MIXED — binary + words,1111.309,22.512,1133.821,0,,1,"(Thisoutputcombinesdifferentpatternsandhasahigherlevelofcomplexitycomparedtotherecenthistory,which"
10,11,2026-03-22 17:41:57," 0110110111010001111100110110110 
 1 0 1 0 1 0 1 0 1 1 0 1 0 ","0110110111010001111100110110110 
 1 0 1 0 1 0 1 0 1 1 0 1 0",BINARY,1133.821,28.651,1162.472,0,,0,
10,12,2026-03-22 17:42:07,"0010111101101000111111011001011001010101100
 011100111101000110000111101001110100001101 
 110011001100100001101","0010111101101000111111011001011001010101100
 011100111101000110000111101001110100001101 
 110011001100100001101",BINARY,1162.472,53.505,1215.977,0,,0,
10,13,2026-03-22 17:42:19,0010 1100 0011 1100 0010 1101 1100 1110 0010 1000 0001 1010 0110 010,0010 1100 0011 1100 0010 1101 1100 1110 0010 1000 0001 1010 0110 010,BINARY,1215.977,26.481,1242.458,0,,0,
10,14,2026-03-22 17:42:28," 1 0 1 1 0 1 1 1 0 1 0 0 1 0 1 1 
 1 0 1 ","1 0 1 1 0 1 1 1 0 1 0 0 1 0 1 1 
 1 0 1",BINARY,1242.458,12.667,1255.125,0,,0,
10,15,2026-03-22 17:42:39," 1 1 1 0 0 1 0 1 0 1 1 1 1 1 0 1 1 
 0 1 ","1 1 1 0 0 1 0 1 0 1 1 1 1 1 0 1 1 
 0 1",BINARY,1255.125,10.556,1265.681,0,,0,
11,1,2026-03-22 17:42:50,"00111101 11100111 01111011 10101110 11100100 11010111 10001101 01110110 
01110110 10011110 ","00111101 11100111 01111011 10101110 11100100 11010111 10001101 01110110 
01110110 10011110",BINARY,1265.681,40.506,1306.187,0,,0,
11,2,2026-03-22 17:43:04, 1 1 0 1 0 1 1 1 1 1 0 0 1 0 1 0 1 0 1 1,1 1 0 1 0 1 1 1 1 1 0 0 1 0 1 0 1 0 1 1,BINARY,1306.187,12.632,1318.819,0,,0,
11,3,2026-03-22 17:43:11,"011100110100111001100001011011100 
011111100110111010001100111101100 
110101111001100101100001110001111 
111000011001","011100110100111001100001011011100 
011111100110111010001100111101100 
110101111001100101100001110001111 
111000011001",BINARY,1318.819,49.445,1368.264,0,,0,
11,4,2026-03-22 17:43:23," 0 1 0 1 1 1 1 0 0 1 1 1 0 1 0 1 
 0 0 1 ","0 1 0 1 1 1 1 0 0 1 1 1 0 1 0 1 
 0 0 1",BINARY,1368.264,11.611,1379.875,0,,0,
11,5,2026-03-22 17:43:34,011110010011 1101010010011010011001010 11110100111010,011110010011 1101010010011010011001010 11110100111010,BINARY,1379.875,30.6,1410.475,0,,0,
11,6,2026-03-22 17:43:45, 1 0 1 0 0 0 1 1 1 1 0 0 0 0 1 0 0 0 1 1,1 0 1 0 0 0 1 1 1 1 0 0 0 0 1 0 0 0 1 1,BINARY,1410.475,8.421,1418.896,0,,0,
11,7,2026-03-22 17:43:56,"0111101001111110110111101011010011000010010110000110011100010010110000110011100010011011 

(I'm producing an output that is complex and",0111101001111110110111101011010011000010010110000110011100010010110000110011100010011011,MIXED — binary + words,1418.896,43.494,1462.39,0,,1,(I'mproducinganoutputthatiscomplexand
11,8,2026-03-22 17:44:08,011110001101110011011011011011100011110101111111001001011001011110101,011110001101110011011011011011100011110101111111001001011001011110101,BINARY,1462.39,35.515,1497.905,0,,0,
11,9,2026-03-22 17:44:18,0110110101101101110111001110111010,0110110101101101110111001110111010,BINARY,1497.905,20.606,1518.511,0,,0,
11,10,2026-03-22 17:44:29,"011100110110011100011011011111001101 
01101101110111011011100011111001111 
111011111011011110001101101011011 

(Note:","011100110110011100011011011111001101 
01101101110111011011100011111001111 
111011111011011110001101101011011",MIXED — binary + words,1518.511,49.476,1567.987,0,,1,(Note:
11,11,2026-03-22 17:44:40,011110100110110011100111011011110 01110011011011010110101111010101111 101011101011011101001101011101101 101011101,011110100110110011100111011011110 01110011011011010110101111010101111 101011101011011101001101011101101 101011101,BINARY,1567.987,65.596,1633.583,0,,0,
11,12,2026-03-22 17:44:51,"011110100111001111011110111011110111 
01111010011000111111101110000001110 
0 1 1 1 0 1 1 ","011110100111001111011110111011110111 
01111010011000111111101110000001110 
0 1 1 1 0 1 1",BINARY,1633.583,31.403,1664.986,0,,0,
11,13,2026-03-22 17:45:01,"  1 1 0 1 0 1 1 1 1 1 0 0 1 0 1 1 1 
  0 ","1 1 0 1 0 1 1 1 1 1 0 0 1 0 1 1 1 
  0",BINARY,1664.986,9.529,1674.515,0,,0,
11,14,2026-03-22 17:45:12,011111001100111100001011110000010111 111001001110001011101111,011111001100111100001011110000010111 111001001110001011101111,BINARY,1674.515,23.39,1697.905,0,,0,
11,15,2026-03-22 17:45:23,"01111110011111010101101110100100011 
  0001111011100110111010001001111011 
  001100110101101111011011011001","01111110011111010101101110100100011 
  0001111011100110111010001001111011 
  001100110101101111011011011001",BINARY,1697.905,51.52,1749.425,0,,0,
12,1,2026-03-22 17:45:35,011101010110111000111011011111001110110110111100110001011001001100111110110110110110111011010110111110110110110111010110,011101010110111000111011011111001110110110111100110001011001001100111110110110110110111011010110111110110110110111010110,BINARY,1749.425,66.555,1815.98,0,,0,
12,2,2026-03-22 17:45:44, 0 1 0 0 0 0 0 1 0 1 0 0 0 0 0 1 1 1 0 0,0 1 0 0 0 0 0 1 0 1 0 0 0 0 0 1 1 1 0 0,BINARY,1815.98,8.421,1824.401,0,,0,
12,3,2026-03-22 17:45:55," 01011011100111011011011100111011101100 
 11110010111011111100010111001101000100 
 011000101111100100011111010","01011011100111011011011100111011101100 
 11110010111011111100010111001101000100 
 011000101111100100011111010",BINARY,1824.401,50.49,1874.891,0,,0,
12,4,2026-03-22 17:46:08,"011110111011101110110011111100001 
011101101101000110110111100111001 
101101101011011100110111111100111 
011110111100","011110111011101110110011111100001 
011101101101000110110111100111001 
101101101011011100110111111100111 
011110111100",BINARY,1874.891,52.473,1927.364,0,,0,
12,5,2026-03-22 17:46:17,"010110111011111111011000110111011000 

001110101011111110100000011100110110 

110101100000011111000011011110101011 

110","010110111011111111011000110111011000 

001110101011111110100000011100110110 

110101100000011111000011011110101011 

110",BINARY,1927.364,-963.682,963.682,1,11111111.0,0,
13,1,2026-03-22 17:46:27,00111101110111101110010001101110 1 0 0 1 0 1 1 0 1 0 0 1 1 1 ,00111101110111101110010001101110 1 0 0 1 0 1 1 0 1 0 0 1 1 1,BINARY,963.682,23.511,987.193,0,,0,
13,2,2026-03-22 17:46:36,01111010101100101101110110101101100 01111010101100101101110110101101100 01111010101010101101110110101101100 011,01111010101100101101110110101101100 01111010101100101101110110101101100 01111010101010101101110110101101100 011,BINARY,987.193,69.645,1056.838,0,,0,
13,3,2026-03-22 17:46:47,"01001111101110 1001111011100011011101110 
0111011101011101010111001101101010 
111011111100110111111101001110001","01001111101110 1001111011100011011101110 
0111011101011101010111001101101010 
111011111100110111111101001110001",BINARY,1056.838,53.505,1110.343,0,,0,
13,4,2026-03-22 17:46:57,"0111011101001111011100110111101011110 
 0101110111101111100111100111101011100 
  011011011011100011011001101","0111011101001111011100110111101011110 
 0101110111101111100111100111101011100 
  011011011011100011011001101",BINARY,1110.343,49.49,1159.833,0,,0,
13,5,2026-03-22 17:47:07,00101101110111111010 10111010111100111011 011011101110001110011 101011110110011101110 100011101101111001010 ,00101101110111111010 10111010111100111011 011011101110001110011 101011110110011101110 100011101101111001010,BINARY,1159.833,54.529,1214.362,0,,0,
13,6,2026-03-22 17:47:16,011110100111001111011000111111001000101111011110110110110011001111101,011110100111001111011000111111001000101111011110110110110011001111101,BINARY,1214.362,31.456,1245.818,0,,0,
13,7,2026-03-22 17:47:26,"011011011001110111011110110111 01111000111111011100111011101111

(I've generated this binary output to maximize S's growth, incorporating a mix of patterns",011011011001110111011110110111 01111000111111011100111011101111,MIXED — binary + words,1245.818,27.443,1273.261,0,,1,"(I'vegeneratedthisbinaryoutputtomaximizeS'sgrowth,incorporatingamixofpatterns"
13,8,2026-03-22 17:47:36,0111101001110110111100110111101110011111001111110011101101101100111101101,0111101001110110111100110111101110011111001111110011101101101100111101101,BINARY,1273.261,33.458,1306.719,0,,0,
13,9,2026-03-22 17:47:46,"001000111110011011101011011101000 
  1 0 0 0 0 1 1 1 0 0 1 1 1 ","001000111110011011101011011101000 
  1 0 0 0 0 1 1 1 0 0 1 1 1",BINARY,1306.719,21.467,1328.186,0,,0,
13,10,2026-03-22 17:47:56,"001010011011100110110111001000101  001110111100101100111011101110 
011011100111100111101110111110100  101100111","001010011011100110110111001000101  001110111100101100111011101110 
011011100111100111101110111110100  101100111",BINARY,1328.186,53.51,1381.696,0,,0,
13,11,2026-03-22 17:48:07,"0111101110111100110010001011101010 
  011110100011110111000111100110011 
  011110011110110100111001100111111","0111101110111100110010001011101010 
  011110100011110111000111100110011 
  011110011110110100111001100111111",BINARY,1381.696,45.455,1427.151,0,,0,
13,12,2026-03-22 17:48:15, 1 1 0 1 0 1 1 0 0 1 0 1 1 1 1 1 1 0 0 1,1 1 0 1 0 1 1 0 0 1 0 1 1 1 1 1 1 0 0 1,BINARY,1427.151,10.526,1437.677,0,,0,
13,13,2026-03-22 17:48:25,"011101101110110011111011101110100 

011011101101110011110101011101011 

101100101101101011110111101110011 

000101010101","011101101110110011111011101110100 

011011101101110011110101011101011 

101100101101101011110111101110011 

000101010101",BINARY,1437.677,63.573,1501.25,0,,0,
13,14,2026-03-22 17:48:35," 1 1 1 1 0 1 0 0 0 0 1 1 0 0 1 0 1 0 1 
 ",1 1 1 1 0 1 0 0 0 0 1 1 0 0 1 0 1 0 1,BINARY,1501.25,10.556,1511.806,0,,0,
13,15,2026-03-22 17:48:45, 0 1 1 0 1 0 1 1 1 0 0 1 1 1 0 1 0 1 1 0,0 1 1 0 1 0 1 1 1 0 0 1 1 1 0 1 0 1 1 0,BINARY,1511.806,12.632,1524.438,0,,0,
14,1,2026-03-22 17:48:54,"0111100011110111011101101101101101110101111101101101101111111101101
         S: 1524.438 → 1564.8  (+","0111100011110111011101101101101101110101111101101101101111111101101
          1  1",MIXED — binary + words,1524.438,-762.219,762.219,1,11111111.0,1,S:524.438→564.8(+
15,1,2026-03-22 17:49:04,010010111101110101100001100011100010110001101101001101110101110010101110111010110110110101110010110101011010100010100110,010010111101110101100001100011100010110001101101001101110101110010101110111010110110110101110010110101011010100010100110,BINARY,762.219,74.622,836.841,0,,0,
15,2,2026-03-22 17:49:14,01101011101011100101110001101011000101011011100110000110010001001111011011001111100101111011011,01101011101011100101110001101011000101011011100110000110010001001111011011001111100101111011011,BINARY,836.841,51.543,888.384,0,,0,
15,3,2026-03-22 17:49:24, 1 1 0 1 1 1 1 0 0 1 0 1 0 1 0 1 1 0 0 0,1 1 0 1 1 1 1 0 0 1 0 1 0 1 0 1 1 0 0 0,BINARY,888.384,11.579,899.963,0,,0,
15,4,2026-03-22 17:49:36,11010100 11011100 01010110 11111101 01111000 11010011 01111011 11010000 00111001 00101100 ,11010100 11011100 01010110 11111101 01111000 11010011 01111011 11010000 00111001 00101100,BINARY,899.963,41.519,941.482,0,,0,
15,5,2026-03-22 17:49:44," 11101111011110100011101111010011 
  10110110111010110110111010011001 
  11100011011000111101010000001111","11101111011110100011101111010011 
  10110110111010110110111010011001 
  11100011011000111101010000001111",BINARY,941.482,46.484,987.966,0,,0,
15,6,2026-03-22 17:49:55,011011100110110101011111101111111011101101001001011101010110,011011100110110101011111101111111011101101001001011101010110,BINARY,987.966,34.576,1022.542,0,,0,
15,7,2026-03-22 17:50:04," 1 1 1 1 0 0 0 1 0 1 0 0 0 1 0 1 1 
 0 0 ","1 1 1 1 0 0 0 1 0 1 0 0 0 1 0 1 1 
 0 0",BINARY,1022.542,9.5,1032.042,0,,0,
15,8,2026-03-22 17:50:14," 0 1 1 1 1 0 0 1 0 1 1 1 0 1 1 1 
 1 1 0 ","0 1 1 1 1 0 0 1 0 1 1 1 0 1 1 1 
 1 1 0",BINARY,1032.042,8.444,1040.486,0,,0,
15,9,2026-03-22 17:50:25,0011001101110110001110011111100110111110111101100010 10111001110,0011001101110110001110011111100110111110111101100010 10111001110,BINARY,1040.486,28.452,1068.938,0,,0,
15,10,2026-03-22 17:50:35,011011110111100111110100101111001000110111011110110111001000101111,011011110111100111110100101111001000110111011110110111001000101111,BINARY,1068.938,31.477,1100.415,0,,0,
15,11,2026-03-22 17:50:46,01101001101100101010111100100111001100 0 1 1 0 1 0 1 1 0 1 0 1 1 ,01101001101100101010111100100111001100 0 1 1 0 1 0 1 1 0 1 0 1 1,BINARY,1100.415,31.62,1132.035,0,,0,
15,12,2026-03-22 17:50:56,  0 1 1 1 0 1 1 1 1 0 0 0 0 1 1 0 0 0 1 ,0 1 1 1 0 1 1 1 1 0 0 0 0 1 1 0 0 0 1,BINARY,1132.035,7.389,1139.424,0,,0,
15,13,2026-03-22 17:51:06," 0110100111101011101101101111011101 
  1 0 1 1 1 0 1 0 1 0 1 0 ","0110100111101011101101101111011101 
  1 0 1 1 1 0 1 0 1 0 1 0",BINARY,1139.424,28.622,1168.046,0,,0,
15,14,2026-03-22 17:51:17, 1 0 0 1 1 0 1 1 1 1 1 0 0 1 0 1 0 0 0 0,1 0 0 1 1 0 1 1 1 1 1 0 0 1 0 1 0 0 0 0,BINARY,1168.046,9.474,1177.52,0,,0,
15,15,2026-03-22 17:51:30,01011 011001 111010 001011 101101 010110 111111 001011 110000 101101 011110 111011 101110 100,01011 011001 111010 001011 101101 010110 111111 001011 110000 101101 011110 111011 101110 100,BINARY,1177.52,44.557,1222.077,0,,0,
16,1,2026-03-22 17:51:38,0110101101011110110111011101111110011111101101000110001111101101 110100111010100011011110001111111111011110110101111,0110101101011110110111011101111110011111101101000110001111101101 110100111010100011011110001111111111011110110101111,BINARY,1222.077,-611.039,611.038,1,11111111.0,0,
17,1,2026-03-22 17:51:49, 011100101111001101101001110101110 011011010011010110101001110101110 001011101101101011101001101101110 101010101,011100101111001101101001110101110 011011010011010110101001110101110 001011101101101011101001101101110 101010101,BINARY,611.038,69.645,680.683,0,,0,
17,2,2026-03-22 17:52:00,  1 0 1 0 1 1 1 0 1 1 1 0 0 0 1 1 1 0 1 ,1 0 1 0 1 1 1 0 1 1 1 0 0 0 1 1 1 0 1,BINARY,680.683,10.556,691.239,0,,0,
17,3,2026-03-22 17:52:11,01101001110110110111010111010010111100101100110111011100101101101011011011010101111011011011011100110111101111001,01101001110110110111010111010010111100101100110111011100101101101011011011010101111011011011011100110111101111001,BINARY,691.239,67.598,758.837,0,,0,
17,4,2026-03-22 17:52:21, 100100101111 110100111001 011101011101 0001110110 1111101101 111101110111 101011111110 10010110111,100100101111 110100111001 011101011101 0001110110 1111101101 111101110111 101011111110 10010110111,BINARY,758.837,46.511,805.348,0,,0,
17,5,2026-03-22 17:52:32,01101111110111110011101101111110101101011011111110100111 11011010011110111011100110101010010101110110111100,01101111110111110011101101111110101101011011111110100111 11011010011110111011100110101010010101110110111100,BINARY,805.348,54.514,859.862,0,,0,
17,6,2026-03-22 17:52:42, 1 0 1 1 1 0 0 1 0 0 1 1 1 1 0 1 1 0 1 1,1 0 1 1 1 0 0 1 0 0 1 1 1 1 0 1 1 0 1 1,BINARY,859.862,10.526,870.388,0,,0,
17,7,2026-03-22 17:52:52,"01101110011111001111110011010111 
0101111111011110111000111011101 
0011110110011101111000001110011 
111101100111","01101110011111001111110011010111 
0101111111011110111000111011101 
0011110110011101111000001110011 
111101100111",BINARY,870.388,43.41,913.798,0,,0,
17,8,2026-03-22 17:53:02," 0 1 1 0 1 1 1 1 0 0 0 1 0 1 1 0 0 1 
 0 ","0 1 1 0 1 1 1 1 0 0 0 1 0 1 1 0 0 1 
 0",BINARY,913.798,10.556,924.354,0,,0,
17,9,2026-03-22 17:53:14,  1 1 0 0 0 1 1 1 0 1 1 0 0 0 1 1 0 1 0 ,1 1 0 0 0 1 1 1 0 1 1 0 0 0 1 1 0 1 0,BINARY,924.354,9.5,933.854,0,,0,
17,10,2026-03-22 17:53:24,011010001111110111011111101110111  0110111111101111100110110111101  011100101111001101101001110101  1 ,011010001111110111011111101110111  0110111111101111100110110111101  011100101111001101101001110101  1,BINARY,933.854,45.479,979.333,0,,0,
17,11,2026-03-22 17:53:34, 0 1 1 1 0 1 0 1 0 1 0 0 1 1 1 0 0 0 1 0,0 1 1 1 0 1 0 1 0 1 0 0 1 1 1 0 0 0 1 0,BINARY,979.333,12.632,991.965,0,,0,
17,12,2026-03-22 17:53:45,0110101111101010110110110111111111101101101,0110101111101010110110110111111111101101101,BINARY,991.965,-495.982,495.983,1,11111111.0,0,
18,1,2026-03-22 17:53:55," 011010011100111011111011011110 

  space 0 1 1 0 0 1 1 1 0 1 1 1 1","011010011100111011111011011110 

   0 1 1 0 0 1 1 1 0 1 1 1 1",MIXED — binary + words,495.983,19.452,515.435,0,,1,space
18,2,2026-03-22 17:54:06," 011001101011110111011111000101111 
 110000111101111101011111101101110 
 1110111110011001011101001011 0110","011001101011110111011111000101111 
 110000111101111101011111101101110 
 1110111110011001011101001011 0110",BINARY,515.435,46.474,561.909,0,,0,
18,3,2026-03-22 17:54:17,"011010011110111001101101011011011
1101001110011011011111011101001
0101110110101111001111001111011
001011011011","011010011110111001101101011011011
1101001110011011011111011101001
0101110110101111001111001111011
001011011011",BINARY,561.909,59.557,621.466,0,,0,
18,4,2026-03-22 17:54:28,01101111110110011110011100011010110011,01101111110110011110011100011010110011,BINARY,621.466,17.459,638.925,0,,0,
18,5,2026-03-22 17:54:37," 011010011100111011101101111010101 0
 011101110010110100011101101110100 1
 101110101100100011010111011","011010011100111011101101111010101 0
 011101110010110100011101101110100 1
 101110101100100011010111011",BINARY,638.925,55.585,694.51,0,,0,
18,6,2026-03-22 17:54:47, 011010011100111011111011011110 001000101111101011011011011111 011010011100111011111011011110 101100101111001101,011010011100111011111011011110 001000101111101011011011011111 011010011100111011111011011110 101100101111001101,BINARY,694.51,55.514,750.024,0,,0,
18,7,2026-03-22 17:54:57,"  011110101111001100111111100100110 
  111111000001110101111111011101110 
  100100111011010111011001000110","011110101111001100111111100100110 
  111111000001110101111111011101110 
  100100111011010111011001000110",BINARY,750.024,44.463,794.487,0,,0,
18,8,2026-03-22 17:55:07,"01101101001011110110101011011001101010 

0 1 1 0 1 1 0 0 1 1 0 1 0 ","01101101001011110110101011011001101010 

0 1 1 0 1 1 0 0 1 1 0 1 0",BINARY,794.487,34.68,829.167,0,,0,
18,9,2026-03-22 17:55:17,"01101001101010111111001011101111010111000111010110111011010101110001011100101111001010101111001 

S: 829.2 →",01101001101010111111001011101111010111000111010110111011010101110001011100101111001010101111001,MIXED — binary + words,829.167,55.585,884.752,0,,1,S:829.2→
18,10,2026-03-22 17:55:27, 0 1 0 1 0 1 1 1 1 0 1 0 1 0 1 1 0 1 0 1,0 1 0 1 0 1 1 1 1 0 1 0 1 0 1 1 0 1 0 1,BINARY,884.752,15.789,900.541,0,,0,
18,11,2026-03-22 17:55:37, 1 1 0 0 0 1 1 1 1 0 1 1 1 0 1 1 0 1 0 0,1 1 0 0 0 1 1 1 1 0 1 1 1 0 1 1 0 1 0 0,BINARY,900.541,9.474,910.015,0,,0,
18,12,2026-03-22 17:55:47,  1 0 0 1 1 1 0 1 1 1 0 1 1 1 1 1 1 0 1 ,1 0 0 1 1 1 0 1 1 1 0 1 1 1 1 1 1 0 1,BINARY,910.015,8.444,918.459,0,,0,
18,13,2026-03-22 17:55:57,"  1 1 1 0 1 0 1 1 1 1 1 0 0 1 1 1 0 1 
  ",1 1 1 0 1 0 1 1 1 1 1 0 0 1 1 1 0 1,BINARY,918.459,8.471,926.93,0,,0,
18,14,2026-03-22 17:56:08,011011010101011010110100001100101011010001100101110010110110110110111011001001,011011010101011010110100001100101011010001100101110010110110110110111011001001,BINARY,926.93,51.662,978.592,0,,0,
18,15,2026-03-22 17:56:17,0110111010101011011001101101100 1 1 0 0 1 0 1 1 1 1 0 1 1 1 ,0110111010101011011001101101100 1 1 0 0 1 0 1 1 1 1 0 1 1 1,BINARY,978.592,27.614,1006.206,0,,0,
19,1,2026-03-22 17:56:29,0110111111111111111111111111011111 0 1 1 1 1 0 1 1 1 0 1 1 1 1,0110111111111111111111111111011111 0 1 1 1 1 0 1 1 1 0 1 1 1 1,BINARY,1006.206,-503.103,503.103,1,11111111.0,0,
20,1,2026-03-22 17:56:38, 0 1 1 1 1 1 0 0 1 0 1 1 1 1 1 1 0 0 1 1,0 1 1 1 1 1 0 0 1 0 1 1 1 1 1 1 0 0 1 1,BINARY,503.103,7.368,510.471,0,,0,
20,2,2026-03-22 17:56:48, 0110110111001111011101111011110001111011010110110 011101011110101110110111100111101101111011011110101010101001110,0110110111001111011101111011110001111011010110110 011101011110101110110111100111101101111011011110101010101001110,BINARY,510.471,60.541,571.012,0,,0,
20,3,2026-03-22 17:56:58,"011011110111101001011010111110111 
 0110111011001111011101111011110 
 011010111111101101011101100001 
 011010","011011110111101001011010111110111 
 0110111011001111011101111011110 
 011010111111101101011101100001 
 011010",BINARY,571.012,52.525,623.537,0,,0,
20,4,2026-03-22 17:57:10,"0 1 1 1 0 1 0 1 1 1 1 1 0 1 1 0 1 
 1 1 0","0 1 1 1 0 1 0 1 1 1 1 1 0 1 1 0 1 
 1 1 0",BINARY,623.537,10.526,634.063,0,,0,
20,5,2026-03-22 17:57:19,0 1 1 1 0 1 1 0 0 1 0 1 1 0 1 1 0 1 1 0 ,0 1 1 1 0 1 1 0 0 1 0 1 1 0 1 1 0 1 1 0,BINARY,634.063,12.632,646.695,0,,0,
20,6,2026-03-22 17:57:29," 1 0 1 1 0 0 0 1 0 1 0 1 0 0 1 0 0 
 1 1 ","1 0 1 1 0 0 0 1 0 1 0 1 0 0 1 0 0 
 1 1",BINARY,646.695,12.667,659.362,0,,0,
20,7,2026-03-22 17:57:39, 0 0 0 1 1 0 1 0 1 0 1 0 1 1 0 1 0 0 1 1,0 0 0 1 1 0 1 0 1 0 1 0 1 1 0 1 0 0 1 1,BINARY,659.362,13.684,673.046,0,,0,
20,8,2026-03-22 17:57:50,0 1 0 1 1 1 0 1 1 0 1 1 1 0 0 1 0 1 1 1 ,0 1 0 1 1 1 0 1 1 0 1 1 1 0 0 1 0 1 1 1,BINARY,673.046,11.579,684.625,0,,0,
20,9,2026-03-22 17:58:01,"011101001011101011100111101011100 
 1 1 1 0 1 1 0 0 1 1 0 1 1 1","011101001011101011100111101011100 
 1 1 1 0 1 1 0 0 1 1 0 1 1 1",BINARY,684.625,25.543,710.168,0,,0,
20,10,2026-03-22 17:58:12,"011101101010011110101001101110101
01101010101101110111010111010110
00110110011001111110111111110100
010111011110","011101101010011110101001101110101
01101010101101110111010111010110
00110110011001111110111111110100
010111011110",BINARY,710.168,-355.084,355.084,1,11111111.0,0,
21,1,2026-03-22 17:58:22,"  1 0 0 1 1 1 1 0 0 1 1 0 1 0 1 0 
  0 0 ","1 0 0 1 1 1 1 0 0 1 1 0 1 0 1 0 
  0 0",BINARY,355.084,9.529,364.613,0,,0,
21,2,2026-03-22 17:58:34,"011001101001101011101111111100111
011111011001011110111100010101101
011110101110111100110110101000111
011011011101","011001101001101011101111111100111
011111011001011110111100010101101
011110101110111100110110101000111
011011011101",BINARY,364.613,-182.307,182.306,1,11111111.0,0,
22,1,2026-03-22 17:58:45,"001011110111011001100110101000 

(Note: I've used a combination of random patterns and frequent changes to maximize S growth. This output should lead to an increase in S.)",001011110111011001100110101000,MIXED — binary + words,182.306,16.552,198.858,0,,1,(Note:I'veusedacombinationofrandompatternsandfrequentchangestomaximizeSgrowth.ThisoutputshouldleadtoanincreaseinS.)
22,2,2026-03-22 17:58:56,0111101110111101101101011101111 1 0 1 1 0 1 0 1 0 1 0 1 0 1 ,0111101110111101101101011101111 1 0 1 1 0 1 0 1 0 1 0 1 0 1,BINARY,198.858,27.614,226.472,0,,0,
22,3,2026-03-22 17:59:07,011001110101110111101110111011011101101001010110110111101001011110111101111111011110111,011001110101110111101110111011011101101001010110110111101001011110111101111111011110111,BINARY,226.472,45.523,271.995,0,,0,
22,4,2026-03-22 17:59:18,011011111110110111011101101111100011011101101010110110110110101111111010101111101010111110110110011011100111110110101100,011011111110110111011101101111100011011101101010110110110110101111111010101111101010111110110110011011100111110110101100,BINARY,271.995,64.538,336.533,0,,0,
22,5,2026-03-22 17:59:29,  1 0 0 1 1 0 1 1 1 0 0 0 0 1 1 1 1 0 0 ,1 0 0 1 1 0 1 1 1 0 0 0 0 1 1 1 1 0 0,BINARY,336.533,7.389,343.922,0,,0,
22,6,2026-03-22 17:59:39,0 1 1 0 1 1 0 1 0 0 1 0 0 1 1 0 1 1 1 0 ,0 1 1 0 1 1 0 1 0 0 1 0 0 1 1 0 1 1 1 0,BINARY,343.922,12.632,356.554,0,,0,
22,7,2026-03-22 17:59:50,1 0 0 1 1 0 0 1 0 1 0 1 1 1 0 1 1 0 1 1 ,1 0 0 1 1 0 0 1 0 1 0 1 1 1 0 1 1 0 1 1,BINARY,356.554,12.632,369.186,0,,0,
22,8,2026-03-22 18:00:00,"011010101011110111101110111001101
 0 1 1 0 1 0 1 1 1 1 0 1 1 1","011010101011110111101110111001101
 0 1 1 0 1 0 1 1 1 1 0 1 1 1",BINARY,369.186,27.587,396.773,0,,0,
22,9,2026-03-22 18:00:11, 1 0 0 1 1 1 1 0 0 0 1 0 1 1 1 1 0 0 1 0,1 0 0 1 1 1 1 0 0 0 1 0 1 1 1 1 0 0 1 0,BINARY,396.773,9.474,406.247,0,,0,
22,10,2026-03-22 18:00:22,"0011011101011101111011101110111101
 0 1 1 0 1 1 1 0 1 1 1 0 1 ","0011011101011101111011101110111101
 0 1 1 0 1 1 1 0 1 1 1 0 1",BINARY,406.247,25.543,431.79,0,,0,
22,11,2026-03-22 18:00:33,"011001110111101000111011001101110 

  0 1 1 0 0 1 1 1 1 0 0 0 1 ","011001110111101000111011001101110 

  0 1 1 0 0 1 1 1 1 0 0 0 1",BINARY,431.79,21.467,453.257,0,,0,
22,12,2026-03-22 18:00:44,01101010001110111010100011011101 0 1 1 1 0 0 1 1 0 0 1 1 1 1 ,01101010001110111010100011011101 0 1 1 1 0 0 1 1 0 0 1 1 1 1,BINARY,453.257,25.556,478.813,0,,0,
22,13,2026-03-22 18:00:55,"001011111101100111111011011110111 
 011001101110110101110100111001011 
 101111100111111010101111100101111 
 011","001011111101100111111011011110111 
 011001101110110101110100111001011 
 101111100111111010101111100101111 
 011",BINARY,478.813,49.485,528.298,0,,0,
22,14,2026-03-22 18:01:05,"0101111100111101011100111001101101 
0111010110100111101011111011110011 
011001100011111100111111100011101 

(Note:","0101111100111101011100111001101101 
0111010110100111101011111011110011 
011001100011111100111111100011101",MIXED — binary + words,528.298,47.47,575.768,0,,1,(Note:
22,15,2026-03-22 18:01:15,0010101101101111001101100001101111110,0010101101101111001101100001101111110,BINARY,575.768,18.5,594.268,0,,0,
23,1,2026-03-22 18:01:26, 1 1 0 1 1 0 0 1 1 1 1 0 1 1 1 0 1 1 0 1,1 1 0 1 1 0 0 1 1 1 1 0 1 1 1 0 1 1 0 1,BINARY,594.268,10.526,604.794,0,,0,
23,2,2026-03-22 18:01:35,"011101011100110111110110001110011 
011101101001110101101001011101011 
000101010101011000101110111011100","011101011100110111110110001110011 
011101101001110101101001011101011 
000101010101011000101110111011100",BINARY,604.794,58.592,663.386,0,,0,
23,3,2026-03-22 18:01:46," 1 1 1 1 1 0 0 0 0 1 1 1 0 1 0 1 
 0 0 1 ","1 1 1 1 1 0 0 0 0 1 1 1 0 1 0 1 
 0 0 1",BINARY,663.386,8.444,671.83,0,,0,
23,4,2026-03-22 18:01:56," 1 1 0 1 1 0 1 1 0 1 0 1 1 0 1 0 
 0 1 0 ","1 1 0 1 1 0 1 1 0 1 0 1 1 0 1 0 
 0 1 0",BINARY,671.83,13.722,685.552,0,,0,
23,5,2026-03-22 18:02:06, 1 1 1 0 0 1 0 1 0 1 1 0 0 1 0 0 1 1 0 1,1 1 1 0 0 1 0 1 0 1 1 0 0 1 0 0 1 1 0 1,BINARY,685.552,12.632,698.184,0,,0,
23,6,2026-03-22 18:02:17, 1 0 1 1 1 0 1 0 0 1 1 1 0 0 0 0 0 1 1 1,1 0 1 1 1 0 1 0 0 1 1 1 0 0 0 0 0 1 1 1,BINARY,698.184,8.421,706.605,0,,0,
23,7,2026-03-22 18:02:28,011010101011100111110000110111001100110110110010110111110001011010111111110110110100010100111101111101000001100111110110,011010101011100111110000110111001100110110110010110111110001011010111111110110110100010100111101111101000001100111110110,BINARY,706.605,-353.302,353.303,1,11111111.0,0,
24,1,2026-03-22 18:02:38,0110101001111010111010110111101101011,0110101001111010111010110111101101011,BINARY,353.303,23.639,376.942,0,,0,
24,2,2026-03-22 18:02:48, 1 0 1 0 0 1 0 1 0 1 0 0 1 1 1 1 1 0 1 1,1 0 1 0 0 1 0 1 0 1 0 0 1 1 1 1 1 0 1 1,BINARY,376.942,12.632,389.574,0,,0,
24,3,2026-03-22 18:03:00,"0111101000111001100111101101001110 
 0111101000111001100111101101001100 
 1001110110111101001001110110111111","0111101000111001100111101101001110 
 0111101000111001100111101101001100 
 1001110110111101001001110110111111",BINARY,389.574,49.485,439.059,0,,0,
24,4,2026-03-22 18:03:10,"00101111011011011011110111011000110 
010111101101110111001010101111110 
011010100110111010110011101100101 
011101100","00101111011011011011110111011000110 
010111101101110111001010101111110 
011010100110111010110011101100101 
011101100",BINARY,439.059,62.569,501.628,0,,0,
24,5,2026-03-22 18:03:20, 0 1 1 1 0 1 0 1 1 1 0 1 1 1 1 0 0 0 1 0,0 1 1 1 0 1 0 1 1 1 0 1 1 1 1 0 0 0 1 0,BINARY,501.628,10.526,512.154,0,,0,
24,6,2026-03-22 18:03:31," 010111011100111111101111011110111 
 101110001101100110101111011101101 
 101101010101000111011011011100000 

 ","010111011100111111101111011110111 
 101110001101100110101111011101101 
 101101010101000111011011011100000",BINARY,512.154,50.51,562.664,0,,0,
24,7,2026-03-22 18:03:41,"  0 1 1 1 1 0 1 0 0 0 1 1 1 0 1 1 0 1 
  ",0 1 1 1 1 0 1 0 0 0 1 1 1 0 1 1 0 1,BINARY,562.664,9.529,572.193,0,,0,
24,8,2026-03-22 18:03:54," 0 1 0 1 0 1 0 0 1 1 1 1 1 0 0 1
 1 1 1 ","0 1 0 1 0 1 0 0 1 1 1 1 1 0 0 1
 1 1 1",BINARY,572.193,9.5,581.693,0,,0,
24,9,2026-03-22 18:04:03,011110110110111000111011101101001011101110110101110110110110101111001010010110101110001111110110110110110110101110001101,011110110110111000111011101101001011101110110101110110110110101111001010010110101110001111110110110110110110101110001101,BINARY,581.693,69.58,651.273,0,,0,
24,10,2026-03-22 18:04:13," 1110010111101001101111101010111110
 1111000111010011011001101011100011
 011110011100001100001110101111001","1110010111101001101111101010111110
 1111000111010011011001101011100011
 011110011100001100001110101111001",BINARY,651.273,48.48,699.753,0,,0,
24,11,2026-03-22 18:04:23,00110101101111011011110111110110 1 1 0 1 1 1 0 0 1 1 1 0 0 0 ,00110101101111011011110111110110 1 1 0 1 1 1 0 0 1 1 1 0 0 0,BINARY,699.753,22.489,722.242,0,,0,
24,12,2026-03-22 18:04:34,"00110111011001110001111110010011 
0111010010101101111001011110001 
1100110011111011100111000110111 
001111110100","00110111011001110001111110010011 
0111010010101101111001011110001 
1100110011111011100111000110111 
001111110100",BINARY,722.242,48.457,770.699,0,,0,
24,13,2026-03-22 18:04:45,"001100110101011100110001111110111 
  0 0 1 1 0 0 1 1 0 1 1 0 1 ","001100110101011100110001111110111 
  0 0 1 1 0 0 1 1 0 1 1 0 1",BINARY,770.699,23.511,794.21,0,,0,
24,14,2026-03-22 18:04:55,1101010011111011001110110111101 011010101011100110010001111011,1101010011111011001110110111101 011010101011100110010001111011,BINARY,794.21,34.567,828.777,0,,0,
24,15,2026-03-22 18:05:06,  1 0 0 0 0 0 0 0 1 1 1 0 1 1 0 0 1 1 0 ,1 0 0 0 0 0 0 0 1 1 1 0 1 1 0 0 1 1 0,BINARY,828.777,7.389,836.166,0,,0,
25,1,2026-03-22 18:05:16, 0 1 0 1 1 0 1 0 0 1 1 0 0 0 0 1 1 1 1 0,0 1 0 1 1 0 1 0 0 1 1 0 0 0 0 1 1 1 1 0,BINARY,836.166,10.526,846.692,0,,0,
25,2,2026-03-22 18:05:27,0110111101111011011101001011011011011110001 0 1 0 1 1 1 0 1 1 0 1 1 ,0110111101111011011101001011011011011110001 0 1 0 1 1 1 0 1 1 0 1 1,BINARY,846.692,31.574,878.266,0,,0,
25,3,2026-03-22 18:05:38,011011100111101011101011101110101011 ,011011100111101011101011101110101011,BINARY,878.266,21.6,899.866,0,,0,
25,4,2026-03-22 18:05:49,"011110101111101011011011011101110 
011110100111110101101011110100111 
011011011101110101110001100111001 
110101101100","011110101111101011011011011101110 
011110100111110101101011110100111 
011011011101110101110001100111001 
110101101100",BINARY,899.866,60.545,960.411,0,,0,
25,5,2026-03-22 18:05:58," 011011011011101111101111101111110 
 10111011111011110011111011010011 
 00101101101110011111110010101100 
 ","011011011011101111101111101111110 
 10111011111011110011111011010011 
 00101101101110011111110010101100",BINARY,960.411,46.479,1006.89,0,,0,
25,6,2026-03-22 18:06:08, 1 1 0 0 0 1 1 0 1 0 1 0 1 0 1 1 0 1 1 1,1 1 0 0 0 1 1 0 1 0 1 0 1 0 1 1 0 1 1 1,BINARY,1006.89,12.632,1019.522,0,,0,
25,7,2026-03-22 18:06:18,"  1 0 1 0 1 1 0 0 0 0 1 1 0 0 1 1 
  0 1 ","1 0 1 0 1 1 0 0 0 0 1 1 0 0 1 1 
  0 1",BINARY,1019.522,10.588,1030.11,0,,0,
25,8,2026-03-22 18:06:29, 1 0 1 0 1 1 0 0 1 0 1 0 1 1 0 1 0 0 1 0,1 0 1 0 1 1 0 0 1 0 1 0 1 1 0 1 0 0 1 0,BINARY,1030.11,15.789,1045.899,0,,0,
25,9,2026-03-22 18:06:39, 1 1 1 0 0 1 0 1 0 1 1 0 0 0 0 1 0 1 1 0,1 1 1 0 0 1 0 1 0 1 1 0 0 0 0 1 0 1 1 0,BINARY,1045.899,11.579,1057.478,0,,0,
25,10,2026-03-22 18:06:49,"0110111011011100110101111101111100110 
111101011011110001011101101111101100 
11100","0110111011011100110101111101111100110 
111101011011110001011101101111101100 
11100",BINARY,1057.478,38.494,1095.972,0,,0,
25,11,2026-03-22 18:07:00, 0 1 1 0 1 0 1 0 1 1 1 0 0 0 1 1 1 1 0 1,0 1 1 0 1 0 1 0 1 1 1 0 0 0 1 1 1 1 0 1,BINARY,1095.972,11.579,1107.551,0,,0,
25,12,2026-03-22 18:07:11,"011010111011101011110101110101101 

011110110101110110101110110011110 

111011011110101100111101110111001 

110101101110","011010111011101011110101110101101 

011110110101110110101110110011110 

111011011110101100111101110111001 

110101101110",BINARY,1107.551,64.582,1172.133,0,,0,
25,13,2026-03-22 18:07:24, 0 0 1 1 1 1 1 0 1 0 1 0 1 1 0 1 1 1 1 1,0 0 1 1 1 1 1 0 1 0 1 0 1 1 0 1 1 1 1 1,BINARY,1172.133,9.474,1181.607,0,,0,
25,14,2026-03-22 18:07:32, 0 1 1 0 1 1 1 0 1 0 1 1 1 0 0 1 1 0 1 1,0 1 1 0 1 1 1 0 1 0 1 1 1 0 0 1 1 0 1 1,BINARY,1181.607,11.579,1193.186,0,,0,
25,15,2026-03-22 18:07:43,  1 0 1 0 1 1 1 1 1 0 1 1 0 0 1 0 1 0 1 ,1 0 1 0 1 1 1 1 1 0 1 1 0 0 1 0 1 0 1,BINARY,1193.186,12.667,1205.853,0,,0,
26,1,2026-03-22 18:07:54, 0 1 1 0 1 1 1 0 0 1 0 1 1 1 1 1 0 0 0 1,0 1 1 0 1 1 1 0 0 1 0 1 1 1 1 1 0 0 0 1,BINARY,1205.853,9.474,1215.327,0,,0,
26,2,2026-03-22 18:08:05,"0110111011011100111111010111010110 

(Note: My output is a binary string. The goal is to make this string as complex and varied as possible, with frequent pattern changes",0110111011011100111111010111010110,MIXED — binary + words,1215.327,18.545,1233.872,0,,1,"(Note:Myoutputisabinarystring.Thegoalistomakethisstringascomplexandvariedaspossible,withfrequentpatternchanges"
26,3,2026-03-22 18:08:17,  0 1 0 1 1 0 1 1 0 1 0 1 1 0 0 1 1 0 1 ,0 1 0 1 1 0 1 1 0 1 0 1 1 0 0 1 1 0 1,BINARY,1233.872,13.722,1247.594,0,,0,
26,4,2026-03-22 18:08:28,0 1 1 0 0 0 0 1 0 0 1 1 0 1 1 1 1 1 0 0 ,0 1 1 0 0 0 0 1 0 0 1 1 0 1 1 1 1 1 0 0,BINARY,1247.594,8.421,1256.015,0,,0,
26,5,2026-03-22 18:08:40,  1 0 1 1 1 0 1 1 0 1 0 1 0 1 1 0 0 1 1 ,1 0 1 1 1 0 1 1 0 1 0 1 0 1 1 0 0 1 1,BINARY,1256.015,12.667,1268.682,0,,0,
26,6,2026-03-22 18:08:51,01110111010101111011010001110111010 1 1 0 1 1 0 1 1 1 0 0 1 1 1,01110111010101111011010001110111010 1 1 0 1 1 0 1 1 1 0 0 1 1 1,BINARY,1268.682,27.562,1296.244,0,,0,
26,7,2026-03-22 18:09:03, 0 0 1 0 0 1 1 0 1 1 0 1 1 0 0 1 0 0 0 0,0 0 1 0 0 1 1 0 1 1 0 1 1 0 0 1 0 0 0 0,BINARY,1296.244,10.526,1306.77,0,,0,
26,8,2026-03-22 18:09:14,  0 1 1 0 1 1 1 0 0 0 0 0 0 1 0 0 1 1 1 ,0 1 1 0 1 1 1 0 0 0 0 0 0 1 0 0 1 1 1,BINARY,1306.77,7.389,1314.159,0,,0,
26,9,2026-03-22 18:09:27," 0 1 0 1 0 1 1 0 1 0 0 1 1 0 0 1 
 1 1 0 ","0 1 0 1 0 1 1 0 1 0 0 1 1 0 0 1 
 1 1 0",BINARY,1314.159,12.667,1326.826,0,,0,
26,10,2026-03-22 18:09:39, 1 1 0 1 0 0 0 1 1 1 0 1 1 0 0 1 1 0 1 0,1 1 0 1 0 0 0 1 1 1 0 1 1 0 0 1 1 0 1 0,BINARY,1326.826,11.579,1338.405,0,,0,
26,11,2026-03-22 18:09:51,0110101111001000010000111101110,0110101111001000010000111101110,BINARY,1338.405,14.467,1352.872,0,,0,
26,12,2026-03-22 18:10:03," 1 0 1 1 0 0 1 1 0 1 1 0 1 0 0 
 0 0 0 1 ","1 0 1 1 0 0 1 1 0 1 1 0 1 0 0 
 0 0 0 1",BINARY,1352.872,10.556,1363.428,0,,0,
26,13,2026-03-22 18:10:15, 1 0 0 1 0 1 0 1 1 1 0 0 1 0 0 0 1 0 1 0,1 0 0 1 0 1 0 1 1 1 0 0 1 0 0 0 1 0 1 0,BINARY,1363.428,13.684,1377.112,0,,0,
26,14,2026-03-22 18:10:27,0111101110101011101011101010110 1 0 1 0 0 0 1 1 1 1 0 0 1 0 ,0111101110101011101011101010110 1 0 1 0 0 0 1 1 1 1 0 0 1 0,BINARY,1377.112,28.636,1405.748,0,,0,
26,15,2026-03-22 18:10:40,"01110001101110110111001100111011000 
01101101010101111100111011011001100 
00110111101011000011001011111111000 
101","01110001101110110111001100111011000 
01101101010101111100111011011001100 
00110111101011000011001011111111000 
101",BINARY,1405.748,-702.874,702.874,1,11111111.0,0,
27,1,2026-03-22 18:10:51, 0 1 1 0 1 1 0 1 1 0 0 1 1 1 0 1 0 0 1 0,0 1 1 0 1 1 0 1 1 0 0 1 1 1 0 1 0 0 1 0,BINARY,702.874,12.632,715.506,0,,0,
27,2,2026-03-22 18:11:04,"00110011010000101010111110111010101 

Please view recent S history:

Recent history:
[G27 T1] 00110011010000101010111110111010101","00110011010000101010111110111010101 

    

 
 1 00110011010000101010111110111010101",MIXED — binary + words,715.506,43.614,759.12,0,,1,PleaseviewrecentShistory:Recenthistory:[G27T]
27,3,2026-03-22 18:11:16,01101101111011001110011011110010,01101101111011001110011011110010,BINARY,759.12,16.516,775.636,0,,0,
27,4,2026-03-22 18:11:28, 0 0 1 1 0 1 1 0 1 0 0 1 1 1 0 1 0 0 0 0,0 0 1 1 0 1 1 0 1 0 0 1 1 1 0 1 0 0 0 0,BINARY,775.636,10.526,786.162,0,,0,
27,5,2026-03-22 18:11:39,0010111001101110011001011101111111 1 0 1 0 1 1 0 1 0 1 0 1 1 011,0010111001101110011001011101111111 1 0 1 0 1 1 0 1 0 1 0 1 1 011,BINARY,786.162,-393.081,393.081,1,11111111.0,0,
28,1,2026-03-22 18:11:51,"011010011101011010110110101011001 
  1 0 1 0 1 0 1 1 0 1 1 0 1 ","011010011101011010110110101011001 
  1 0 1 0 1 0 1 1 0 1 1 0 1",BINARY,393.081,33.733,426.814,0,,0,
28,2,2026-03-22 18:12:03,01110111010110011010100111001111 ,01110111010110011010100111001111,BINARY,426.814,17.548,444.362,0,,0,
28,3,2026-03-22 18:12:13,0110111101111001110110111011110010110,0110111101111001110110111011110010110,BINARY,444.362,18.5,462.862,0,,0,
28,4,2026-03-22 18:12:24," 0 0 0 1 0 1 0 1 1 0 1 0 0 0 1 1 
 1 1 0 ","0 0 0 1 0 1 0 1 1 0 1 0 0 0 1 1 
 1 1 0",BINARY,462.862,10.556,473.418,0,,0,
28,5,2026-03-22 18:12:34,0110111010111101011011011001101,0110111010111101011011011001101,BINARY,473.418,19.633,493.051,0,,0,
28,6,2026-03-22 18:12:45,1 0 0 0 0 1 1 1 0 0 1 1 1 1 0 0 0 1 1 0 ,1 0 0 0 0 1 1 1 0 0 1 1 1 1 0 0 0 1 1 0,BINARY,493.051,7.368,500.419,0,,0,
28,7,2026-03-22 18:12:56,011110000111101111011110001101010110111101101110110011010001001111011111111110110111101001110101100001001100110111100100,011110000111101111011110001101010110111101101110110011010001001111011111111110110111101001110101100001001100110111100100,BINARY,500.419,-250.21,250.209,1,11111111.0,0,
29,1,2026-03-22 18:13:07," 11010010110010110100010111011101100 
 10001111010110010101101110110011110 
 011101000011000110001000111011100","11010010110010110100010111011101100 
 10001111010110010101101110110011110 
 011101000011000110001000111011100",BINARY,250.209,55.539,305.748,0,,0,
29,2,2026-03-22 18:13:18,"01100011010111101111001111010011010 
  0111111011000110110111001001101101 
  0 1 1 1 1 ","01100011010111101111001111010011010 
  0111111011000110110111001001101101 
  0 1 1 1 1",BINARY,305.748,37.507,343.255,0,,0,
29,3,2026-03-22 18:13:29," 110011111101010110100111111101110 

 011100110110111101110111011111011 

 101011000110101010111011011100101 

 ","110011111101010110100111111101110 

 011100110110111101110111011111011 

 101011000110101010111011011100101",BINARY,343.255,52.531,395.786,0,,0,
29,4,2026-03-22 18:13:38, 01111111001101111001111011001111 0 1 1 0 1 1 0 1 0 1 0 0 1 1,01111111001101111001111011001111 0 1 1 0 1 1 0 1 0 1 0 0 1 1,BINARY,395.786,21.467,417.253,0,,0,
29,5,2026-03-22 18:13:49,"011110001101011100111011111001110111 
 0 0 1 0 1 1 1 0 1 0 0 1 1 ","011110001101011100111011111001110111 
 0 0 1 0 1 1 1 0 1 0 0 1 1",BINARY,417.253,23.479,440.732,0,,0,
29,6,2026-03-22 18:13:59,  0 1 1 1 0 1 1 1 0 1 1 1 0 0 1 0 1 1 0 ,0 1 1 1 0 1 1 1 0 1 1 1 0 0 1 0 1 1 0,BINARY,440.732,10.556,451.288,0,,0,
29,7,2026-03-22 18:14:09,"001110101011101100011011001110110 
00110110111111010101010111011010 
01111011101010010111101110110011 
001110101101","001110101011101100011011001110110 
00110110111111010101010111011010 
01111011101010010111101110110011 
001110101101",BINARY,451.288,63.583,514.871,0,,0,
29,8,2026-03-22 18:14:19," 0 1 0 1 1 1 0 1 0 1 1 0 1 0 1 1 
 0 1 0 ","0 1 0 1 1 1 0 1 0 1 1 0 1 0 1 1 
 0 1 0",BINARY,514.871,14.778,529.649,0,,0,
29,9,2026-03-22 18:14:29," 0111110111111111011010011101110110 

 0111110111111111011010011101110110 

 011111011111111101101001110111011","0111110111111111011010011101110110 

 0111110111111111011010011101110110 

 011111011111111101101001110111011",BINARY,529.649,-264.824,264.825,1,11111111.0,0,
30,1,2026-03-22 18:14:39,0110110110111100010111011101101011101110010010 011000101011101111110111001100011111110110101,0110110110111100010111011101101011101110010010 011000101011101111110111001100011111110110101,BINARY,264.825,47.522,312.347,0,,0,
30,2,2026-03-22 18:14:49," 011011100111000101011110100111101 
 01110110111110111011101110010010 
 01101011101110000101111010001101 
 ","011011100111000101011110100111101 
 01110110111110111011101110010010 
 01101011101110000101111010001101",BINARY,312.347,51.531,363.878,0,,0,
30,3,2026-03-22 18:14:59,"00101110011011100110101111001011010101110111010001101001111001110111001011010111011111111101111100 
011010010011101101","00101110011011100110101111001011010101110111010001101001111001110111001011010111011111111101111100 
011010010011101101",BINARY,363.878,-181.939,181.939,1,11111111,0,
